Date,SPY,AGG,GLD
2016-04-04,175.2278594970703,84.09969329833984,116.1500015258789
2016-04-05,173.47769165039062,84.21376037597656,117.66000366210938
2016-04-06,175.37225341796875,84.19853210449219,116.94000244140625
2016-04-07,173.2737579345703,84.38103485107422,118.61000061035156
2016-04-08,173.74105834960938,84.29741668701172,118.43000030517578
2016-04-11,173.3332977294922,84.35818481445312,120.02999877929688
2016-04-12,174.947509765625,84.2214126586914,120.05000305175781
2016-04-13,176.71463012695312,84.25940704345703,118.7699966430664
2016-04-14,176.72311401367188,84.11493682861328,117.11000061035156
2016-04-15,176.52767944335938,84.35060119628906,117.91999816894531
2016-04-18,177.76812744140625,84.3429946899414,117.73999786376953
2016-04-19,178.32882690429688,84.33544921875,119.58000183105469
2016-04-20,178.498779296875,84.1301498413086,118.97000122070312
2016-04-21,177.53866577148438,84.01614379882812,119.41999816894531
2016-04-22,177.53866577148438,84.02363586425781,117.88999938964844
2016-04-25,177.2328643798828,83.9324722290039,118.2300033569336
2016-04-26,177.49630737304688,83.89444732666016,118.69999694824219
2016-04-27,177.86160278320312,84.14535522460938,119.04000091552734
2016-04-28,176.24737548828125,84.31261444091797,121.29000091552734
2016-04-29,175.29579162597656,84.30497741699219,123.6500015258789
2016-05-02,176.6890869140625,84.24783325195312,123.23999786376953
2016-05-03,175.15139770507812,84.40019989013672,122.95999908447266
2016-05-04,174.17431640625,84.43832397460938,122.20999908447266
2016-05-05,174.14035034179688,84.65152740478516,122.06999969482422
2016-05-06,174.777587890625,84.52207946777344,123.18000030517578
2016-05-09,174.9219512939453,84.57539367675781,120.6500015258789
2016-05-10,177.09690856933594,84.61345672607422,120.9800033569336
2016-05-11,175.4402618408203,84.61345672607422,122.12000274658203
2016-05-12,175.4911651611328,84.53730773925781,121.16000366210938
2016-05-13,173.96192932128906,84.69725036621094,121.70999908447266
2016-05-16,175.67811584472656,84.55252838134766,121.80000305175781
2016-05-17,174.0384063720703,84.43832397460938,122.22000122070312
2016-05-18,174.08937072753906,84.08792877197266,120.0999984741211
2016-05-19,173.48617553710938,84.14124298095703,119.87000274658203
2016-05-20,174.58216857910156,84.19454956054688,119.70999908447266
2016-05-23,174.34426879882812,84.17926788330078,119.37000274658203
2016-05-24,176.60415649414062,84.13359832763672,117.30000305175781
2016-05-25,177.80209350585938,84.14888000488281,116.9800033569336
2016-05-26,177.85305786132812,84.27835083007812,116.58000183105469
2016-05-27,178.61769104003906,84.26307678222656,115.62000274658203
2016-05-31,178.27780151367188,84.31642150878906,116.05999755859375
2016-06-01,178.6431884765625,84.26907348632812,115.94000244140625
2016-06-02,179.18685913085938,84.48277282714844,115.66999816894531
2016-06-03,178.6517333984375,84.94068908691406,118.87999725341797
2016-06-06,179.56076049804688,84.82622528076172,118.91999816894531
2016-06-07,179.84107971191406,84.90252685546875,118.81999969482422
2016-06-08,180.42730712890625,84.9330825805664,120.58000183105469
2016-06-09,180.1809844970703,84.99414825439453,121.25
2016-06-10,178.47328186035156,85.10856628417969,121.73999786376953
2016-06-13,177.09690856933594,85.17726135253906,122.63999938964844
2016-06-14,176.7486114501953,85.13910675048828,122.7699966430664
2016-06-15,176.50222778320312,85.32229614257812,123.68000030517578
2016-06-16,177.0289306640625,85.37570190429688,122.37999725341797
2016-06-17,176.36968994140625,85.31463623046875,123.94999694824219
2016-06-20,177.50552368164062,85.07803344726562,123.20999908447266
2016-06-21,178.00936889648438,85.01705932617188,120.83999633789062
2016-06-22,177.71902465820312,85.07040405273438,120.9000015258789
2016-06-23,180.03338623046875,84.92544555664062,120.11000061035156
2016-06-24,173.56854248046875,85.38330841064453,126.0
2016-06-27,170.45989990234375,85.72679138183594,126.68000030517578
2016-06-28,173.53436279296875,85.83360290527344,125.31999969482422
2016-06-29,176.4892120361328,85.77252197265625,125.83999633789062
2016-06-30,178.89752197265625,85.94807434082031,126.47000122070312
2016-07-01,179.27325439453125,86.13310241699219,128.41000366210938
2016-07-05,177.9837646484375,86.36248016357422,129.47000122070312
2016-07-06,179.05125427246094,86.52305603027344,130.22999572753906
2016-07-07,178.94021606445312,86.46187591552734,129.74000549316406
2016-07-08,181.60472106933594,86.59185791015625,130.52000427246094
2016-07-11,182.24525451660156,86.36248016357422,129.2899932861328
2016-07-12,183.56887817382812,86.10253143310547,127.1500015258789
2016-07-13,183.5433349609375,86.22486877441406,128.32000732421875
2016-07-14,184.56814575195312,86.14836883544922,127.33000183105469
2016-07-15,184.32046508789062,85.83489990234375,126.83999633789062
2016-07-18,184.81581115722656,85.85021209716797,127.04000091552734
2016-07-19,184.6279296875,86.02601623535156,127.20999908447266
2016-07-20,185.396484375,85.9496078491211,125.38999938964844
2016-07-21,184.69622802734375,86.02601623535156,127.30000305175781
2016-07-22,185.52464294433594,86.0413589477539,126.3499984741211
2016-07-25,185.02078247070312,85.94195556640625,125.47000122070312
2016-07-26,185.10617065429688,85.94195556640625,126.0
2016-07-27,184.90977478027344,86.19428253173828,128.02999877929688
2016-07-28,185.12322998046875,86.18663024902344,127.66000366210938
2016-07-29,185.42218017578125,86.41602325439453,128.97999572753906
2016-08-01,185.26840209960938,86.21455383300781,129.22000122070312
2016-08-02,184.08131408691406,85.96177673339844,130.27000427246094
2016-08-03,184.619384765625,86.05368041992188,129.64999389648438
2016-08-04,184.81581115722656,86.21455383300781,129.8699951171875
2016-08-05,186.32740783691406,85.92346954345703,127.55000305175781
2016-08-08,186.21640014648438,85.97705078125,127.44000244140625
2016-08-09,186.32740783691406,86.19923400878906,127.95999908447266
2016-08-10,185.86622619628906,86.29884338378906,128.55999755859375
2016-08-11,186.7288055419922,86.06900787353516,127.66999816894531
2016-08-12,186.56654357910156,86.27584838867188,127.4000015258789
2016-08-15,187.1045379638672,86.12263488769531,127.83999633789062
2016-08-16,186.1395263671875,86.06900787353516,128.47000122070312
2016-08-17,186.4896697998047,86.22986602783203,128.5
2016-08-18,186.9081268310547,86.35238647460938,129.11000061035156
2016-08-19,186.63478088378906,86.16092681884766,127.97000122070312
2016-08-22,186.62623596191406,86.29115295410156,127.77999877929688
2016-08-23,187.00205993652344,86.31417083740234,127.76000213623047
2016-08-24,186.04556274414062,86.2834701538086,126.33999633789062
2016-08-25,185.91749572753906,86.19156646728516,126.2300033569336
2016-08-26,185.5673370361328,86.05368041992188,126.05000305175781
2016-08-29,186.4811248779297,86.29115295410156,126.30000305175781
2016-08-30,186.1737060546875,86.24520111083984,125.02999877929688
2016-08-31,185.64419555664062,86.22986602783203,124.77999877929688
2016-09-01,185.6527099609375,86.30511474609375,125.29000091552734
2016-09-02,186.4896697998047,86.18998718261719,126.56999969482422
2016-09-06,187.05331420898438,86.37416076660156,128.7100067138672
2016-09-07,187.03622436523438,86.42019653320312,128.27000427246094
2016-09-08,186.60919189453125,86.12090301513672,127.58999633789062
2016-09-09,182.14276123046875,85.74481201171875,126.75
2016-09-12,184.75599670410156,85.81393432617188,126.58999633789062
2016-09-13,182.1000213623047,85.5760269165039,125.75
2016-09-14,182.03173828125,85.68343353271484,126.18000030517578
2016-09-15,183.85079956054688,85.73717498779297,125.37000274658203
2016-09-16,183.1400604248047,85.7985610961914,125.05999755859375
2016-09-19,183.17440795898438,85.72954559326172,125.31999969482422
2016-09-20,183.1830291748047,85.76020050048828,125.44000244140625
2016-09-21,185.2429962158203,85.97505950927734,127.2699966430664
2016-09-22,186.4102783203125,86.1515884399414,127.56999969482422
2016-09-23,185.38894653320312,86.12855529785156,127.6500015258789
2016-09-26,183.8868408203125,86.23604583740234,127.55000305175781
2016-09-27,185.02838134765625,86.34344482421875,126.62000274658203
2016-09-28,185.9468231201172,86.36649322509766,126.22000122070312
2016-09-29,184.26451110839844,86.36649322509766,126.06999969482422
2016-09-30,185.6549835205078,86.27436065673828,125.63999938964844
2016-10-03,185.20864868164062,86.17674255371094,125.31999969482422
2016-10-04,184.26451110839844,85.8846206665039,120.97000122070312
2016-10-05,185.07989501953125,85.76927185058594,120.77999877929688
2016-10-06,185.20864868164062,85.76927185058594,119.66000366210938
2016-10-07,184.5734405517578,85.78466796875,119.73999786376953
2016-10-10,185.53485107421875,85.7462158203125,120.16000366210938
2016-10-11,183.1915740966797,85.6155014038086,119.55000305175781
2016-10-12,183.43191528320312,85.64627075195312,119.73999786376953
2016-10-13,182.8310546875,85.76927185058594,120.02999877929688
2016-10-14,182.92550659179688,85.62322998046875,119.36000061035156
2016-10-17,182.2903594970703,85.76927185058594,119.68000030517578
2016-10-18,183.43191528320312,85.90765380859375,120.41999816894531
2016-10-19,183.92115783691406,85.9537353515625,121.11000061035156
2016-10-20,183.5778045654297,85.92305755615234,120.73999786376953
2016-10-21,183.6636505126953,85.976806640625,120.83000183105469
2016-10-24,184.44473266601562,85.8461685180664,120.55999755859375
2016-10-25,183.82675170898438,85.8461685180664,121.47000122070312
2016-10-26,183.4576873779297,85.67701721191406,120.79000091552734
2016-10-27,182.9684295654297,85.46170806884766,121.01000213623047
2016-10-28,182.4276580810547,85.46170806884766,121.58000183105469
2016-10-31,182.436279296875,85.5693588256836,121.94000244140625
2016-11-01,181.11447143554688,85.52318572998047,122.7300033569336
2016-11-02,180.0243377685547,85.62330627441406,123.63999938964844
2016-11-03,179.2003631591797,85.50772094726562,124.30000305175781
2016-11-04,179.0030059814453,85.68492126464844,124.38999938964844
2016-11-07,182.95123291015625,85.58478546142578,122.1500015258789
2016-11-08,183.7752685546875,85.44612884521484,121.63999938964844
2016-11-09,185.7236328125,84.65276336669922,121.55999755859375
2016-11-10,186.18710327148438,84.30615997314453,119.75
2016-11-11,185.75796508789062,84.15204620361328,117.0999984741211
2016-11-14,185.90386962890625,83.81316375732422,116.11000061035156
2016-11-15,187.35447692871094,83.8747787475586,117.12000274658203
2016-11-16,187.00250244140625,84.05963134765625,116.7699966430664
2016-11-17,187.96388244628906,83.74382019042969,116.16999816894531
2016-11-18,187.5432586669922,83.47422790527344,115.1500015258789
2016-11-21,188.95948791503906,83.5435791015625,115.58000183105469
2016-11-22,189.32858276367188,83.62056732177734,115.54000091552734
2016-11-23,189.43161010742188,83.32786560058594,113.25
2016-11-25,190.1354217529297,83.32017517089844,112.61000061035156
2016-11-28,189.24267578125,83.6129150390625,113.80000305175781
2016-11-29,189.61184692382812,83.705322265625,113.2699966430664
2016-11-30,189.1569366455078,83.37407684326172,111.75
2016-12-01,188.461669921875,83.09941101074219,111.54000091552734
2016-12-02,188.5560760498047,83.36174774169922,112.13999938964844
2016-12-05,189.6890869140625,83.43122100830078,111.54000091552734
2016-12-06,190.28988647460938,83.41580200195312,111.43000030517578
2016-12-07,192.77902221679688,83.63186645507812,111.83000183105469
2016-12-08,193.25108337402344,83.47750854492188,111.56999969482422
2016-12-09,194.4183807373047,83.22288513183594,110.4000015258789
2016-12-12,194.19525146484375,83.14568328857422,110.81999969482422
2016-12-13,195.4913330078125,83.25371551513672,110.44999694824219
2016-12-14,193.87767028808594,82.79838562011719,108.83000183105469
2016-12-15,194.6759033203125,82.6980972290039,107.33999633789062
2016-12-16,194.29519653320312,82.75209045410156,108.05000305175781
2016-12-19,194.71826171875,82.96817779541016,108.58999633789062
2016-12-20,195.46934509277344,82.89102172851562,107.79000091552734
2016-12-21,194.92538452148438,83.06852722167969,107.8499984741211
2016-12-22,194.58876037597656,83.06773376464844,107.58999633789062
2016-12-23,194.87362670898438,83.0909194946289,107.93000030517578
2016-12-27,195.35714721679688,83.02906799316406,108.55999755859375
2016-12-28,193.74258422851562,83.16055297851562,108.86000061035156
2016-12-29,193.69944763183594,83.41584777832031,110.29000091552734
2016-12-30,192.99147033691406,83.58594512939453,109.61000061035156
2017-01-03,194.46786499023438,83.67106628417969,110.47000122070312
2017-01-04,195.6248016357422,83.69427490234375,110.86000061035156
2017-01-05,195.46934509277344,84.0423583984375,112.58000183105469
2017-01-06,196.16876220703125,83.7638931274414,111.75
2017-01-09,195.52113342285156,83.90310668945312,112.66999816894531
2017-01-10,195.52113342285156,83.87993621826172,113.1500015258789
2017-01-11,196.07376098632812,83.98046112060547,113.5
2017-01-12,195.5815887451172,84.01142120361328,113.91000366210938
2017-01-13,196.0305633544922,83.86443328857422,114.20999908447266
2017-01-17,195.33985900878906,84.1506576538086,115.8499984741211
2017-01-18,195.7715606689453,83.7870864868164,114.87000274658203
2017-01-19,195.0463104248047,83.57051086425781,114.7699966430664
2017-01-20,195.762939453125,83.60142517089844,115.05000305175781
2017-01-23,195.25350952148438,83.83348846435547,115.79000091552734
2017-01-24,196.50543212890625,83.70201110839844,115.2699966430664
2017-01-25,198.20632934570312,83.47772216796875,114.31999969482422
2017-01-26,197.9990692138672,83.53185272216797,113.26000213623047
2017-01-27,197.68826293945312,83.60142517089844,113.48999786376953
2017-01-30,196.4622344970703,83.56277465820312,113.97000122070312
2017-01-31,196.4449920654297,83.7638931274414,115.55000305175781
2017-02-01,196.52272033691406,83.64606475830078,115.19999694824219
2017-02-02,196.65219116210938,83.69255065917969,115.83999633789062
2017-02-03,198.00772094726562,83.71586608886719,116.12999725341797
2017-02-06,197.6536865234375,83.95613861083984,117.69999694824219
2017-02-07,197.66236877441406,84.04132080078125,117.45999908447266
2017-02-08,197.92138671875,84.28160858154297,118.19000244140625
2017-02-09,199.0955810546875,84.0801010131836,117.29000091552734
2017-02-10,199.88125610351562,84.06458282470703,117.5999984741211
2017-02-13,200.96914672851562,83.94059753417969,116.80000305175781
2017-02-14,201.7720489501953,83.75460815429688,116.93000030517578
2017-02-15,202.82537841796875,83.62281799316406,117.44999694824219
2017-02-16,202.6527099609375,83.80110931396484,118.08000183105469
2017-02-17,202.97216796875,83.98711395263672,117.68000030517578
2017-02-21,204.18087768554688,83.97938537597656,117.75
2017-02-22,203.9995574951172,84.03361511230469,117.91000366210938
2017-02-23,204.1376953125,84.1731185913086,118.94000244140625
2017-02-24,204.39675903320312,84.48312377929688,119.69999694824219
2017-02-27,204.71620178222656,84.32810974121094,119.12000274658203
2017-02-28,204.16360473632812,84.30487060546875,119.2300033569336
2017-03-01,207.02139282226562,83.9088134765625,119.05999755859375
2017-03-02,205.7177276611328,83.75346374511719,117.58000183105469
2017-03-03,205.84716796875,83.8155746459961,117.51000213623047
2017-03-06,205.23423767089844,83.77680206298828,116.72000122070312
2017-03-07,204.6211700439453,83.66802978515625,115.77999877929688
2017-03-08,204.24127197265625,83.46611022949219,115.05999755859375
2017-03-09,204.50033569335938,83.20980072021484,114.47000122070312
2017-03-10,205.21694946289062,83.33406829833984,114.72000122070312
2017-03-13,205.3205108642578,83.19426727294922,114.73999786376953
2017-03-14,204.53488159179688,83.22539520263672,114.12000274658203
2017-03-15,206.30477905273438,83.70687866210938,116.25
2017-03-16,205.89895629882812,83.61366271972656,116.7300033569336
2017-03-17,205.5373992919922,83.7922592163086,116.98999786376953
2017-03-20,205.3119659423828,83.91654968261719,117.51000213623047
2017-03-21,202.67584228515625,84.08739471435547,118.54000091552734
2017-03-22,203.15283203125,84.20392608642578,118.83000183105469
2017-03-23,202.93601989746094,84.22724914550781,118.66999816894531
2017-03-24,202.78857421875,84.15734100341797,118.86000061035156
2017-03-27,202.5804901123047,84.35926055908203,119.52999877929688
2017-03-28,204.05465698242188,84.16505432128906,119.04000091552734
2017-03-29,204.245361328125,84.35148620605469,119.33000183105469
2017-03-30,204.89573669433594,84.19611358642578,118.47000122070312
2017-03-31,204.41880798339844,84.25826263427734,118.72000122070312
2017-04-03,204.0632781982422,84.57115173339844,119.3499984741211
2017-04-04,204.19337463378906,84.4932861328125,119.62000274658203
2017-04-05,203.5863494873047,84.58672332763672,119.62000274658203
2017-04-06,204.15863037109375,84.57892608642578,119.18000030517578
2017-04-07,203.95054626464844,84.39215850830078,119.45999908447266
2017-04-10,204.0719757080078,84.5010757446289,119.45999908447266
2017-04-11,203.8291778564453,84.74239349365234,121.19000244140625
2017-04-12,202.93601989746094,84.92913818359375,122.0199966430664
2017-04-13,201.61795043945312,85.03807830810547,122.5999984741211
2017-04-17,203.40423583984375,84.99139404296875,122.23999786376953
2017-04-18,202.79727172851562,85.33382415771484,122.81999969482422
2017-04-19,202.42445373535156,85.20149230957031,121.7300033569336
2017-04-20,204.0719757080078,85.06919860839844,121.95999908447266
2017-04-21,203.42160034179688,85.09258270263672,122.30999755859375
2017-04-24,205.6588134765625,84.96806335449219,121.4800033569336
2017-04-25,206.85545349121094,84.6878890991211,120.25
2017-04-26,206.72537231445312,84.79682922363281,120.83999633789062
2017-04-27,206.89878845214844,84.8746566772461,120.38999938964844
2017-04-28,206.44786071777344,85.02252197265625,120.7699966430664
2017-05-01,206.96815490722656,84.80335998535156,119.66999816894531
2017-05-02,207.04624938964844,84.92035675048828,119.6500015258789
2017-05-03,206.7947235107422,84.83455657958984,117.9800033569336
2017-05-04,207.03756713867188,84.76437377929688,116.79000091552734
2017-05-05,207.85267639160156,84.77996063232422,117.01000213623047
2017-05-08,207.81797790527344,84.61614990234375,116.75
2017-05-09,207.62721252441406,84.62397003173828,116.05000305175781
2017-05-10,208.00010681152344,84.64737701416016,116.04000091552734
2017-05-11,207.5751953125,84.63958740234375,116.5
2017-05-12,207.2283172607422,84.95154571533203,116.83000183105469
2017-05-15,208.3729248046875,84.92035675048828,117.13999938964844
2017-05-16,208.1821746826172,85.029541015625,117.6500015258789
2017-05-17,204.48818969726562,85.46631622314453,119.79000091552734
2017-05-18,205.3119659423828,85.41952514648438,118.80999755859375
2017-05-19,206.64732360839844,85.41952514648438,119.4000015258789
2017-05-22,207.6965789794922,85.36493682861328,119.9000015258789
2017-05-23,208.15618896484375,85.20111083984375,119.13999938964844
2017-05-24,208.6417236328125,85.34931182861328,119.61000061035156
2017-05-25,209.6389923095703,85.38831329345703,119.4800033569336
2017-05-26,209.59568786621094,85.35714721679688,120.54000091552734
2017-05-30,209.41351318359375,85.52090454101562,120.13999938964844
2017-05-31,209.36151123046875,85.60670471191406,120.62000274658203
2017-06-01,211.02639770507812,85.56761932373047,120.72000122070312
2017-06-02,211.728759765625,85.84898376464844,121.61000061035156
2017-06-05,211.57269287109375,85.71607971191406,121.7300033569336
2017-06-06,210.89630126953125,85.88810729980469,123.0999984741211
2017-06-07,211.28656005859375,85.7864990234375,122.44999694824219
2017-06-08,211.39059448242188,85.70049285888672,121.6500015258789
2017-06-09,211.06979370117188,85.630126953125,120.54000091552734
2017-06-12,211.02639770507812,85.630126953125,120.36000061035156
2017-06-13,212.0582733154297,85.65357971191406,120.4800033569336
2017-06-14,211.7895050048828,85.9271240234375,119.81999969482422
2017-06-15,211.3819122314453,85.8724365234375,119.31999969482422
2017-06-16,211.42816162109375,85.9271240234375,119.33999633789062
2017-06-19,213.1882781982422,85.80988311767578,118.43000030517578
2017-06-20,211.75048828125,85.94280242919922,118.18000030517578
2017-06-21,211.6981964111328,85.95841979980469,118.5199966430664
2017-06-22,211.6023712158203,85.99749755859375,118.91999816894531
2017-06-23,211.85504150390625,86.01311492919922,119.43000030517578
2017-06-26,211.99447631835938,86.09130859375,118.36000061035156
2017-06-27,210.28663635253906,85.83335876464844,118.80999755859375
2017-06-28,212.16879272460938,85.86461639404297,118.9000015258789
2017-06-29,210.30406188964844,85.70049285888672,118.31999969482422
2017-06-30,210.69618225097656,85.59110260009766,118.0199966430664
2017-07-03,211.053466796875,85.43832397460938,116.08999633789062
2017-07-05,211.54141235351562,85.48535919189453,116.5199966430664
2017-07-06,209.60693359375,85.32088470458984,116.47000122070312
2017-07-07,210.96630859375,85.2895736694336,115.27999877929688
2017-07-10,211.19285583496094,85.32872772216797,115.47000122070312
2017-07-11,211.03598022460938,85.40703582763672,115.62000274658203
2017-07-12,212.62188720703125,85.66546630859375,116.02999877929688
2017-07-13,212.9791259765625,85.5715103149414,115.81999969482422
2017-07-14,213.9724578857422,85.65764617919922,116.7699966430664
2017-07-17,213.9462890625,85.69680786132812,117.29000091552734
2017-07-18,214.05960083007812,85.89260864257812,118.11000061035156
2017-07-19,215.21859741210938,85.91612243652344,118.08000183105469
2017-07-20,215.3143768310547,85.93959045410156,118.23999786376953
2017-07-21,215.12269592285156,86.08837890625,119.26000213623047
2017-07-24,215.07041931152344,86.01002502441406,119.30999755859375
2017-07-25,215.59326171875,85.70462799072266,118.91999816894531
2017-07-26,215.6019287109375,85.86912536621094,119.87999725341797
2017-07-27,215.40155029296875,85.74380493164062,119.79000091552734
2017-07-28,215.1488494873047,85.91612243652344,120.69000244140625
2017-07-31,215.02682495117188,85.87696075439453,120.75
2017-08-01,215.50613403320312,86.11241912841797,120.6500015258789
2017-08-02,215.61062622070312,86.04962158203125,120.4000015258789
2017-08-03,215.1923828125,86.2222671508789,120.58999633789062
2017-08-04,215.5845489501953,86.08101654052734,119.6500015258789
2017-08-07,215.98532104492188,86.07315826416016,119.51000213623047
2017-08-08,215.45379638671875,85.99465942382812,119.86000061035156
2017-08-09,215.445068359375,86.07315826416016,121.30999755859375
2017-08-10,212.40403747558594,86.15949249267578,122.20999908447266
2017-08-11,212.71771240234375,86.2301254272461,122.79000091552734
2017-08-14,214.8264617919922,86.19083404541016,121.91999816894531
2017-08-15,214.80026245117188,86.06529235839844,120.9800033569336
2017-08-16,215.1750030517578,86.2222671508789,121.87000274658203
2017-08-17,211.82022094726562,86.34785461425781,122.48999786376953
2017-08-18,211.4891357421875,86.29291534423828,122.30000305175781
2017-08-21,211.65467834472656,86.35569763183594,122.76000213623047
2017-08-22,213.86793518066406,86.27722930908203,122.20999908447266
2017-08-23,213.1011199951172,86.47341918945312,122.66999816894531
2017-08-24,212.60447692871094,86.363525390625,122.29000091552734
2017-08-25,213.1011199951172,86.42633819580078,122.73999786376953
2017-08-28,213.10987854003906,86.45774841308594,124.69000244140625
2017-08-29,213.3538055419922,86.58329772949219,124.41999816894531
2017-08-30,214.36459350585938,86.5676040649414,124.36000061035156
2017-08-31,215.65423583984375,86.68533325195312,125.81999969482422
2017-09-01,215.95919799804688,86.48869323730469,126.05999755859375
2017-09-05,214.40818786621094,86.84258270263672,127.45999908447266
2017-09-06,215.1400909423828,86.74823760986328,126.80999755859375
2017-09-07,215.1139678955078,86.96060180664062,128.1300048828125
2017-09-08,214.86131286621094,86.85833740234375,127.97000122070312
2017-09-11,217.15293884277344,86.62242126464844,126.19000244140625
2017-09-12,217.88494873046875,86.49658203125,126.55999755859375
2017-09-13,217.9894561767578,86.41006469726562,125.61000061035156
2017-09-14,217.91973876953125,86.45728302001953,126.16000366210938
2017-09-15,218.21311950683594,86.44149780273438,125.52999877929688
2017-09-18,218.67726135253906,86.40219116210938,124.36000061035156
2017-09-19,218.89622497558594,86.35499572753906,124.62000274658203
2017-09-20,218.97499084472656,86.2842025756836,123.62000274658203
2017-09-21,218.38824462890625,86.26844024658203,122.68000030517578
2017-09-22,218.43203735351562,86.33141326904297,123.23999786376953
2017-09-25,217.98548889160156,86.5359115600586,124.52999877929688
2017-09-26,218.11680603027344,86.50447082519531,123.13999938964844
2017-09-27,218.96620178222656,86.25277709960938,121.9800033569336
2017-09-28,219.2289276123047,86.2606430053711,122.20999908447266
2017-09-29,219.99954223632812,86.18983459472656,121.58000183105469
2017-10-02,220.95407104492188,86.24260711669922,120.7699966430664
2017-10-03,221.42691040039062,86.3135757446289,120.83000183105469
2017-10-04,221.68966674804688,86.28993225097656,121.16999816894531
2017-10-05,223.00318908691406,86.25053405761719,120.5199966430664
2017-10-06,222.74923706054688,86.12445068359375,121.08999633789062
2017-10-09,222.38140869140625,86.24260711669922,122.08000183105469
2017-10-10,222.96812438964844,86.25053405761719,122.4000015258789
2017-10-11,223.31838989257812,86.26631164550781,122.79000091552734
2017-10-12,222.9856719970703,86.36873626708984,122.88999938964844
2017-10-13,223.25711059570312,86.58150482177734,123.81999969482422
2017-10-16,223.5548553466797,86.49486541748047,122.97000122070312
2017-10-17,223.71249389648438,86.46332550048828,122.12999725341797
2017-10-18,223.93141174316406,86.32933807373047,121.66999816894531
2017-10-19,223.9926300048828,86.39236450195312,122.38999938964844
2017-10-20,225.14859008789062,86.1402359008789,121.61000061035156
2017-10-23,224.2729034423828,86.23477935791016,121.80000305175781
2017-10-24,224.66696166992188,86.0534896850586,121.33000183105469
2017-10-25,223.5548553466797,85.99829864501953,121.3499984741211
2017-10-26,223.84384155273438,85.90379333496094,120.33000183105469
2017-10-27,225.6739959716797,86.09288024902344,120.9000015258789
2017-10-30,224.8333282470703,86.32933807373047,121.12999725341797
2017-10-31,225.18365478515625,86.27415466308594,120.66999816894531
2017-11-01,225.48133850097656,86.31210327148438,121.11000061035156
2017-11-02,225.56893920898438,86.35945892333984,121.19000244140625
2017-11-03,226.32203674316406,86.4384536743164,120.62000274658203
2017-11-06,226.6722869873047,86.51741790771484,121.6500015258789
2017-11-07,226.51467895507812,86.54113006591797,121.20999908447266
2017-11-08,226.8999481201172,86.4858169555664,121.62999725341797
2017-11-09,226.0768280029297,86.42261505126953,122.12999725341797
2017-11-10,226.00674438476562,86.07518768310547,121.12999725341797
2017-11-13,226.21690368652344,86.07518768310547,121.30999755859375
2017-11-14,225.6915283203125,86.16205596923828,121.55999755859375
2017-11-15,224.56187438964844,86.32786560058594,121.41000366210938
2017-11-16,226.47091674804688,86.23310089111328,121.4000015258789
2017-11-17,225.8053436279297,86.32786560058594,122.86000061035156
2017-11-20,226.19068908691406,86.28048706054688,121.30999755859375
2017-11-21,227.67056274414062,86.36738586425781,121.51000213623047
2017-11-22,227.4691619873047,86.51741790771484,122.62999725341797
2017-11-24,227.9945831298828,86.50164031982422,122.31999969482422
2017-11-27,227.88075256347656,86.50164031982422,122.83000183105469
2017-11-28,230.19256591796875,86.50164031982422,122.80999755859375
2017-11-29,230.05250549316406,86.28842163085938,122.04000091552734
2017-11-30,232.06655883789062,86.14625549316406,121.0999984741211
2017-12-01,231.58486938476562,86.39236450195312,121.58999633789062
2017-12-04,231.30462646484375,86.38447570800781,121.18000030517578
2017-12-05,230.4727783203125,86.47148132324219,120.31999969482422
2017-12-06,230.51661682128906,86.55854797363281,120.06999969482422
2017-12-07,231.24334716796875,86.4477767944336,118.48999786376953
2017-12-08,232.50442504882812,86.41612243652344,118.4800033569336
2017-12-11,233.2049102783203,86.38447570800781,118.01000213623047
2017-12-12,233.61651611328125,86.34490203857422,118.1500015258789
2017-12-13,233.5902557373047,86.59026336669922,119.16999816894531
2017-12-14,232.63572692871094,86.61398315429688,118.93000030517578
2017-12-15,234.57301330566406,86.63771057128906,119.18000030517578
2017-12-18,236.060546875,86.52692413330078,119.7300033569336
2017-12-19,235.15386962890625,86.27363586425781,119.81999969482422
2017-12-20,235.0306396484375,86.07579803466797,120.13999938964844
2017-12-21,235.5147705078125,86.15177917480469,120.30999755859375
2017-12-22,235.45315551757812,86.19140625,120.94000244140625
2017-12-26,235.17153930664062,86.26264953613281,121.7699966430664
2017-12-27,235.285888671875,86.53182220458984,122.2300033569336
2017-12-28,235.7700653076172,86.46849822998047,122.8499984741211
2017-12-29,234.88101196289062,86.55557250976562,123.6500015258789
2018-01-02,236.5621337890625,86.42891693115234,125.1500015258789
2018-01-03,238.05838012695312,86.43683624267578,124.81999969482422
2018-01-04,239.06185913085938,86.38138580322266,125.45999908447266
2018-01-05,240.6549530029297,86.32596588134766,125.33000183105469
2018-01-08,241.09503173828125,86.30221557617188,125.30999755859375
2018-01-09,241.64073181152344,86.06471252441406,124.7300033569336
2018-01-10,241.27113342285156,86.06471252441406,125.02999877929688
2018-01-11,243.03135681152344,86.10428619384766,125.44000244140625
2018-01-12,244.61573791503906,86.08846282958984,126.95999908447266
2018-01-16,243.77952575683594,86.11219787597656,127.16999816894531
2018-01-17,246.10313415527344,86.0172119140625,126.13999938964844
2018-01-18,245.68954467773438,85.82720184326172,125.86000061035156
2018-01-19,246.80731201171875,85.64510345458984,126.41999816894531
2018-01-22,248.81407165527344,85.61341857910156,126.6500015258789
2018-01-23,249.34219360351562,85.81930541992188,127.27999877929688
2018-01-24,249.24537658691406,85.732177734375,128.8300018310547
2018-01-25,249.3509521484375,85.9538345336914,127.97000122070312
2018-01-26,252.23794555664062,85.79552459716797,128.07000732421875
2018-01-29,250.5656280517578,85.64510345458984,127.3499984741211
2018-01-30,247.99546813964844,85.51050567626953,126.80000305175781
2018-01-31,248.1186981201172,85.58180236816406,127.6500015258789
2018-02-01,247.8371124267578,85.3135986328125,128.07000732421875
2018-02-02,242.44163513183594,85.05966186523438,126.38999938964844
2018-02-05,232.30218505859375,85.40083312988281,126.70999908447266
2018-02-06,236.87899780273438,85.1548843383789,125.37999725341797
2018-02-07,235.59396362304688,84.96443939208984,124.79000091552734
2018-02-08,226.75714111328125,84.82164764404297,124.9800033569336
2018-02-09,230.1633758544922,84.71057891845703,124.7699966430664
2018-02-12,233.54319763183594,84.73438262939453,125.37000274658203
2018-02-13,234.1240997314453,84.7581787109375,126.08000183105469
2018-02-14,237.28392028808594,84.47254943847656,128.22999572753906
2018-02-15,240.3116912841797,84.5756607055664,128.3800048828125
2018-02-16,240.38206481933594,84.74232482910156,127.95999908447266
2018-02-20,238.8770751953125,84.65503692626953,126.23999786376953
2018-02-21,237.68869018554688,84.38524627685547,125.66000366210938
2018-02-22,237.99685668945312,84.39315795898438,126.30000305175781
2018-02-23,241.7903289794922,84.6073989868164,126.13999938964844
2018-02-26,244.5980682373047,84.67090606689453,126.44999694824219
2018-02-27,241.54383850097656,84.4884033203125,125.12999725341797
2018-02-28,239.09703063964844,84.71849822998047,125.0
2018-03-01,235.62039184570312,84.79403686523438,124.72000122070312
2018-03-02,236.83502197265625,84.65887451171875,125.38999938964844
2018-03-05,239.57232666015625,84.6111068725586,125.18000030517578
2018-03-06,240.17967224121094,84.62704467773438,126.52999877929688
2018-03-07,240.09164428710938,84.6111068725586,125.72000122070312
2018-03-08,241.2534637451172,84.74629211425781,125.41999816894531
2018-03-09,245.4518280029297,84.58731079101562,125.54000091552734
2018-03-12,245.14376831054688,84.63497161865234,125.54000091552734
2018-03-13,243.55947875976562,84.74629211425781,125.77999877929688
2018-03-14,242.3096160888672,84.88945770263672,125.69999694824219
2018-03-15,242.04554748535156,84.89743041992188,124.9000015258789
2018-03-16,242.30807495117188,84.84969329833984,124.5999984741211
2018-03-19,239.0295867919922,84.7622299194336,124.87000274658203
2018-03-20,239.43605041503906,84.62704467773438,124.30999755859375
2018-03-21,238.97650146484375,84.61904907226562,126.4800033569336
2018-03-22,233.00283813476562,84.77813720703125,125.9800033569336
2018-03-23,228.03643798828125,84.77813720703125,127.61000061035156
2018-03-26,234.27520751953125,84.74629211425781,128.27999877929688
2018-03-27,230.28990173339844,84.99284362792969,127.48999786376953
2018-03-28,229.60940551757812,85.04053497314453,125.7300033569336
2018-03-29,232.54322814941406,85.28706359863281,125.79000091552734
2018-04-02,227.52392578125,85.20178985595703,127.26000213623047
2018-04-03,230.44007873535156,85.10618591308594,126.30000305175781
2018-04-04,232.905517578125,85.13801574707031,126.44999694824219
2018-04-05,234.74368286132812,85.01848602294922,125.80000305175781
2018-04-06,229.5122528076172,85.20977783203125,126.38999938964844
2018-04-09,230.64329528808594,85.2814712524414,126.81999969482422
2018-04-10,234.31065368652344,85.21772766113281,127.12000274658203
2018-04-11,233.0823516845703,85.28950500488281,128.11000061035156
2018-04-12,234.9999237060547,85.09817504882812,126.62000274658203
2018-04-13,234.31065368652344,85.12208557128906,127.44999694824219
2018-04-16,236.23712158203125,85.13801574707031,127.62999725341797
2018-04-17,238.7644500732422,85.16190338134766,127.75
2018-04-18,238.9412384033203,84.9228515625,127.8499984741211
2018-04-19,237.61569213867188,84.71562194824219,127.5999984741211
2018-04-20,235.60084533691406,84.48448181152344,126.62999725341797
2018-04-23,235.5654754638672,84.44463348388672,125.62000274658203
2018-04-24,232.39306640625,84.3330078125,126.2300033569336
2018-04-25,232.96746826171875,84.22144317626953,125.41000366210938
2018-04-26,235.33566284179688,84.36490631103516,124.97000122070312
2018-04-27,235.5566864013672,84.46851348876953,125.5
2018-04-30,233.74513244628906,84.48448181152344,124.58999633789062
2018-05-01,234.16041564941406,84.41258239746094,123.70999908447266
2018-05-02,232.58743286132812,84.41258239746094,123.6500015258789
2018-05-03,232.07489013671875,84.5084457397461,124.27999877929688
2018-05-04,235.07945251464844,84.56433868408203,124.54000091552734
2018-05-07,235.8748321533203,84.52439880371094,124.56999969482422
2018-05-08,235.8748321533203,84.42853546142578,124.58999633789062
2018-05-09,238.15472412109375,84.3326644897461,124.33000183105469
2018-05-10,240.38157653808594,84.52439880371094,125.18000030517578
2018-05-11,241.11509704589844,84.56433868408203,125.0
2018-05-14,241.22999572753906,84.48448944091797,124.48999786376953
2018-05-15,239.5686798095703,84.1089859008789,122.4800033569336
2018-05-16,240.57603454589844,84.01313781738281,122.29000091552734
2018-05-17,240.3727264404297,83.90131378173828,122.36000061035156
2018-05-18,239.77183532714844,84.1170425415039,122.41000366210938
2018-05-21,241.57460021972656,84.12499237060547,122.4800033569336
2018-05-22,240.90292358398438,84.12499237060547,122.41000366210938
2018-05-23,241.56576538085938,84.35663604736328,122.54000091552734
2018-05-24,241.07090759277344,84.58830261230469,123.58999633789062
2018-05-25,240.49647521972656,84.77207946777344,123.20999908447266
2018-05-29,237.7305450439453,85.33125305175781,123.19000244140625
2018-05-30,240.90292358398438,85.11554718017578,123.37000274658203
2018-05-31,239.4272003173828,85.04363250732422,123.0999984741211
2018-06-01,241.7777557373047,84.93875885009766,122.48999786376953
2018-06-04,242.92666625976562,84.73860931396484,122.37000274658203
2018-06-05,243.10337829589844,84.80264282226562,122.8499984741211
2018-06-06,245.13589477539062,84.61048126220703,122.91999816894531
2018-06-07,245.10939025878906,84.79464721679688,122.86000061035156
2018-06-08,245.833984375,84.67451477050781,123.01000213623047
2018-06-11,246.16091918945312,84.58642578125,123.2300033569336
2018-06-12,246.47903442382812,84.61048126220703,122.81999969482422
2018-06-13,245.69261169433594,84.53038787841797,123.19000244140625
2018-06-14,246.3112030029297,84.74658966064453,123.37999725341797
2018-06-15,245.99693298339844,84.77861785888672,121.33999633789062
2018-06-18,245.4908905029297,84.79464721679688,121.11000061035156
2018-06-19,244.55007934570312,84.8827133178711,120.80000305175781
2018-06-20,244.96728515625,84.72254943847656,120.26000213623047
2018-06-21,243.43157958984375,84.74658966064453,120.05000305175781
2018-06-22,243.87539672851562,84.82665252685547,120.33999633789062
2018-06-25,240.5556182861328,84.77861785888672,119.88999938964844
2018-06-26,241.0882110595703,84.91472625732422,119.26000213623047
2018-06-27,239.0909881591797,85.0668716430664,118.58000183105469
2018-06-28,240.45794677734375,85.058837890625,118.22000122070312
2018-06-29,240.80416870117188,85.13092041015625,118.6500015258789
2018-07-02,241.3189697265625,85.04986572265625,117.45999908447266
2018-07-03,240.4667510986328,85.22640991210938,118.6500015258789
2018-07-05,242.42860412597656,85.30662536621094,119.05000305175781
2018-07-06,244.4790496826172,85.39491271972656,118.86000061035156
2018-07-09,246.68048095703125,85.31468200683594,119.1500015258789
2018-07-10,247.56813049316406,85.25048065185547,118.93000030517578
2018-07-11,245.7572479248047,85.28260040283203,117.63999938964844
2018-07-12,247.98533630371094,85.38689422607422,118.12999725341797
2018-07-13,248.18057250976562,85.46715545654297,117.61000061035156
2018-07-16,247.95872497558594,85.3708724975586,117.55000305175781
2018-07-17,248.96170043945312,85.33875274658203,116.27999877929688
2018-07-18,249.4853973388672,85.31468200683594,116.30999755859375
2018-07-19,248.54446411132812,85.44306945800781,115.80999755859375
2018-07-20,248.26048278808594,85.27456665039062,116.55999755859375
2018-07-23,248.72201538085938,84.97765350341797,116.0
2018-07-24,249.9736785888672,85.09800720214844,116.04000091552734
2018-07-25,252.10403442382812,85.10604858398438,116.68000030517578
2018-07-26,251.50930786132812,85.05787658691406,115.7699966430664
2018-07-27,249.80506896972656,85.12210083007812,115.83000183105469
2018-07-30,248.50010681152344,85.03387451171875,115.6500015258789
2018-07-31,249.72512817382812,85.10604858398438,115.98999786376953
2018-08-01,249.30795288085938,85.01837158203125,115.13999938964844
2018-08-02,250.6661376953125,85.0505599975586,114.5199966430664
2018-08-03,251.7400665283203,85.23554229736328,114.91999816894531
2018-08-06,252.66331481933594,85.29185485839844,114.33000183105469
2018-08-07,253.49766540527344,85.13904571533203,114.58999633789062
2018-08-08,253.3911590576172,85.13904571533203,114.91000366210938
2018-08-09,253.0450439453125,85.25970458984375,114.73999786376953
2018-08-10,251.3495635986328,85.44464874267578,114.69000244140625
2018-08-13,250.40858459472656,85.49291229248047,112.95999908447266
2018-08-14,252.0063934326172,85.41249084472656,113.06999969482422
2018-08-15,250.12451171875,85.53313446044922,111.19000244140625
2018-08-16,252.14846801757812,85.58140563964844,111.0999984741211
2018-08-17,253.03611755371094,85.62967681884766,112.12999725341797
2018-08-20,253.57763671875,85.79859161376953,112.69000244140625
2018-08-21,254.17222595214844,85.72620391845703,113.0199966430664
2018-08-22,254.0214385986328,85.79859161376953,113.2699966430664
2018-08-23,253.68406677246094,85.75032043457031,112.19999694824219
2018-08-24,255.21090698242188,85.84687805175781,114.16000366210938
2018-08-27,257.2258605957031,85.73426055908203,114.58999633789062
2018-08-28,257.3501281738281,85.57337951660156,113.68000030517578
2018-08-29,258.7348937988281,85.55729675292969,114.19999694824219
2018-08-30,257.68743896484375,85.59749603271484,113.63999938964844
2018-08-31,257.6963195800781,85.58946228027344,113.51000213623047
2018-09-04,257.25250244140625,85.49435424804688,112.93000030517578
2018-09-05,256.5600280761719,85.45404815673828,113.31999969482422
2018-09-06,255.78787231445312,85.59910583496094,113.54000091552734
2018-09-07,255.29075622558594,85.29280853271484,113.2300033569336
2018-09-10,255.7345428466797,85.37339782714844,113.1500015258789
2018-09-11,256.5777587890625,85.22836303710938,113.22000122070312
2018-09-12,256.6399841308594,85.2847900390625,114.16999816894531
2018-09-13,258.1578369140625,85.34114837646484,113.76000213623047
2018-09-14,258.2022705078125,85.17996978759766,113.0199966430664
2018-09-17,256.8352966308594,85.17996978759766,113.61000061035156
2018-09-18,258.2289123535156,84.99457550048828,113.44000244140625
2018-09-19,258.50408935546875,84.83331298828125,113.87999725341797
2018-09-20,260.59893798828125,84.94620513916016,114.2699966430664
2018-09-21,260.3609619140625,85.01068115234375,113.48999786376953
2018-09-24,259.4960021972656,84.93009185791016,113.47000122070312
2018-09-25,259.2552490234375,84.8897933959961,113.6500015258789
2018-09-26,258.47943115234375,85.09131622314453,113.05000305175781
2018-09-27,259.2016906738281,85.14773559570312,112.05000305175781
2018-09-28,259.22845458984375,85.05902099609375,112.76000213623047
2018-10-01,260.1289978027344,85.03645324707031,112.56999969482422
2018-10-02,259.97747802734375,85.1334228515625,113.87000274658203
2018-10-03,260.1201171875,84.72936248779297,113.41999816894531
2018-10-04,258.08709716796875,84.48697662353516,113.4800033569336
2018-10-05,256.642578125,84.30110931396484,113.80000305175781
2018-10-08,256.642578125,84.2688217163086,112.54000091552734
2018-10-09,256.2680358886719,84.3900146484375,112.5999984741211
2018-10-10,248.15386962890625,84.36573791503906,112.87999725341797
2018-10-11,242.6878662109375,84.61624908447266,115.77999877929688
2018-10-12,246.0584259033203,84.6404800415039,115.2300033569336
2018-10-15,244.67617797851562,84.58397674560547,116.0
2018-10-16,250.0263671875,84.63240051269531,115.80000305175781
2018-10-17,250.07093811035156,84.46275329589844,115.79000091552734
2018-10-18,246.45956420898438,84.40615844726562,115.91999816894531
2018-10-19,246.3258056640625,84.33342742919922,116.01000213623047
2018-10-22,245.22015380859375,84.31729125976562,115.70999908447266
2018-10-23,243.97186279296875,84.4223403930664,116.38999938964844
2018-10-24,236.57977294921875,84.6404800415039,116.66000366210938
2018-10-25,240.8241729736328,84.5677719116211,116.4000015258789
2018-10-26,236.5887451171875,84.76165771484375,116.7699966430664
2018-10-29,235.27793884277344,84.6728515625,116.30999755859375
2018-10-30,238.76441955566406,84.55160522460938,115.80000305175781
2018-10-31,241.31468200683594,84.51119232177734,115.1500015258789
2018-11-01,243.88262939453125,84.7247314453125,116.62999725341797
2018-11-02,242.43817138671875,84.47301483154297,116.6500015258789
2018-11-05,243.77565002441406,84.52987670898438,116.37000274658203
2018-11-06,245.3182373046875,84.53800201416016,116.04000091552734
2018-11-07,250.5702362060547,84.611083984375,116.02999877929688
2018-11-08,250.11541748046875,84.4568099975586,115.77999877929688
2018-11-09,247.67234802246094,84.56233978271484,114.4800033569336
2018-11-12,243.0444793701172,84.70040130615234,113.66000366210938
2018-11-13,242.58969116210938,84.73287963867188,113.69999694824219
2018-11-14,240.9312286376953,84.74098205566406,114.63999938964844
2018-11-15,243.44577026367188,84.84657287597656,114.7699966430664
2018-11-16,244.07884216308594,84.9845962524414,115.62000274658203
2018-11-19,239.95037841796875,84.97647857666016,115.66999816894531
2018-11-20,235.50979614257812,84.94400024414062,115.66999816894531
2018-11-21,236.3123321533203,85.00086975097656,115.86000061035156
2018-11-23,234.73402404785156,84.97647857666016,115.7699966430664
2018-11-26,238.52362060546875,84.96028137207031,115.63999938964844
2018-11-27,239.32618713378906,84.9845962524414,114.94999694824219
2018-11-28,244.83673095703125,85.1469955444336,115.37999725341797
2018-11-29,244.30174255371094,85.18760681152344,115.73999786376953
2018-11-30,245.7908477783203,85.16326141357422,115.54000091552734
2018-12-03,249.0454864501953,85.30242919921875,116.41000366210938
2018-12-04,240.9757843017578,85.53031921386719,117.12000274658203
2018-12-06,240.61026000976562,85.741943359375,117.13999938964844
2018-12-07,235.0194549560547,85.85594177246094,118.08999633789062
2018-12-10,235.46522521972656,85.91287994384766,117.68000030517578
2018-12-11,235.5187225341797,85.93731689453125,117.54000091552734
2018-12-12,236.70468139648438,85.8722152709961,117.79000091552734
2018-12-13,236.62435913085938,85.8966293334961,117.52999877929688
2018-12-14,232.2551727294922,85.9210433959961,117.05999755859375
2018-12-17,227.69869995117188,86.06755828857422,117.87000274658203
2018-12-18,227.4490203857422,86.32034301757812,118.1500015258789
2018-12-19,224.0428466796875,86.40192413330078,117.43000030517578
2018-12-20,220.39585876464844,86.32034301757812,119.23999786376953
2018-12-21,215.88006591796875,86.27960205078125,118.72000122070312
2018-12-24,210.17588806152344,86.33667755126953,120.0199966430664
2018-12-26,220.79493713378906,86.173583984375,119.66000366210938
2018-12-27,222.49012756347656,86.31222534179688,120.56999969482422
2018-12-28,222.20310974121094,86.63029479980469,121.05999755859375
2018-12-31,224.14935302734375,86.85054016113281,121.25
2019-01-02,224.38253784179688,86.91576385498047,121.33000183105469
2019-01-03,219.02813720703125,87.27464294433594,122.43000030517578
2019-01-04,226.36468505859375,87.01361083984375,121.44000244140625
2019-01-07,228.1494598388672,86.8668212890625,121.86000061035156
2019-01-08,230.29296875,86.80158233642578,121.52999877929688
2019-01-09,231.36924743652344,86.87496185302734,122.30999755859375
2019-01-10,232.1854705810547,86.77711486816406,121.58999633789062
2019-01-11,232.2751007080078,86.89945983886719,121.80000305175781
2019-01-14,230.85800170898438,86.77711486816406,122.08999633789062
2019-01-15,233.50384521484375,86.79338836669922,121.87999725341797
2019-01-16,234.06893920898438,86.8668212890625,122.2699966430664
2019-01-17,235.84469604492188,86.80158233642578,122.11000061035156
2019-01-18,238.98382568359375,86.73633575439453,121.0199966430664
2019-01-22,235.7550048828125,86.80970001220703,121.44999694824219
2019-01-23,236.248291015625,86.89945983886719,121.27999877929688
2019-01-24,236.37393188476562,87.04623413085938,121.08999633789062
2019-01-25,238.37388610839844,87.00547790527344,122.86000061035156
2019-01-28,236.56224060058594,86.95653533935547,123.29000091552734
2019-01-29,236.248291015625,87.18489074707031,123.9800033569336
2019-01-30,239.98826599121094,87.38062286376953,124.69000244140625
2019-01-31,242.09591674804688,87.64161682128906,124.75
2019-02-01,242.212646484375,87.46011352539062,124.5
2019-02-04,243.91664123535156,87.38652038574219,123.95999908447266
2019-02-05,244.93910217285156,87.57457733154297,124.27999877929688
2019-02-06,244.61627197265625,87.5255126953125,123.44000244140625
2019-02-07,242.2843475341797,87.56642150878906,123.73999786376953
2019-02-08,242.58029174804688,87.76258850097656,124.20999908447266
2019-02-11,242.71482849121094,87.67266082763672,123.5999984741211
2019-02-12,245.83609008789062,87.68904113769531,123.86000061035156
2019-02-13,246.63424682617188,87.53368377685547,123.37000274658203
2019-02-14,246.08721923828125,87.66455841064453,124.05999755859375
2019-02-15,248.768798828125,87.72991180419922,124.80000305175781
2019-02-19,249.19921875,87.7789306640625,126.69999694824219
2019-02-20,249.70150756835938,87.78718566894531,126.4800033569336
2019-02-21,248.81365966796875,87.5909423828125,125.05000305175781
2019-02-22,250.35633850097656,87.8116683959961,125.5
2019-02-25,250.69705200195312,87.78718566894531,125.37000274658203
2019-02-26,250.51779174804688,87.88526916503906,125.58000183105469
2019-02-27,250.4100799560547,87.69718933105469,124.69000244140625
2019-02-28,249.94374084472656,87.54187774658203,123.98999786376953
2019-03-01,251.5044403076172,87.40009307861328,121.87999725341797
2019-03-04,250.58944702148438,87.50662231445312,121.55999755859375
2019-03-05,250.24871826171875,87.56396484375,121.72000122070312
2019-03-06,248.73291015625,87.69513702392578,121.61000061035156
2019-03-07,246.65216064453125,87.9410629272461,121.51000213623047
2019-03-08,246.15887451171875,88.05581665039062,122.83999633789062
2019-03-11,249.728515625,88.06397247314453,122.23999786376953
2019-03-12,250.67022705078125,88.22793579101562,122.9800033569336
2019-03-13,252.32952880859375,88.18690490722656,123.83999633789062
2019-03-14,252.16806030273438,88.05581665039062,122.41000366210938
2019-03-15,253.4139404296875,88.27708435058594,122.97000122070312
2019-03-18,254.33277893066406,88.2607192993164,123.04000091552734
2019-03-19,254.39578247070312,88.2115249633789,123.37999725341797
2019-03-20,253.63002014160156,88.57217407226562,124.18000030517578
2019-03-21,256.4947204589844,88.58858489990234,123.68000030517578
2019-03-22,251.55807495117188,89.03117370605469,123.97000122070312
2019-03-25,251.3689727783203,89.19511413574219,124.91999816894531
2019-03-26,253.24270629882812,89.21150207519531,124.30000305175781
2019-03-27,251.91848754882812,89.40000915527344,123.6500015258789
2019-03-28,252.87335205078125,89.4082260131836,121.9000015258789
2019-03-29,254.46788024902344,89.40000915527344,122.01000213623047
2019-04-01,257.4856262207031,88.99087524414062,121.52999877929688
2019-04-02,257.61175537109375,89.08944702148438,121.9800033569336
2019-04-03,258.0171813964844,88.92510223388672,121.80000305175781
2019-04-04,258.7017822265625,88.99087524414062,122.11000061035156
2019-04-05,259.9539489746094,89.05657958984375,121.9800033569336
2019-04-08,260.1521911621094,89.01548767089844,122.51000213623047
2019-04-09,258.81884765625,89.0647964477539,123.1500015258789
2019-04-10,259.70172119140625,89.23731994628906,123.52999877929688
2019-04-11,259.6296081542969,89.13056182861328,121.94999694824219
2019-04-12,261.3862609863281,88.95796966552734,121.83000183105469
2019-04-15,261.215087890625,88.94155883789062,121.5999984741211
2019-04-16,261.3862609863281,88.78543853759766,120.51000213623047
2019-04-17,260.7466125488281,88.77720642089844,120.27999877929688
2019-04-18,261.2601013183594,88.89225006103516,120.37000274658203
2019-04-22,261.4853210449219,88.78543853759766,120.37000274658203
2019-04-23,263.8365173339844,88.94155883789062,120.12000274658203
2019-04-24,263.2511291503906,89.14692687988281,120.47000122070312
2019-04-25,263.08880615234375,89.13874816894531,120.56999969482422
2019-04-26,264.3139343261719,89.31952667236328,121.37000274658203
2019-04-29,264.7283630371094,89.16338348388672,120.83000183105469
2019-04-30,264.8634338378906,89.22090148925781,121.19999694824219
2019-05-01,262.8726806640625,89.27855682373047,120.4000015258789
2019-05-02,262.30511474609375,89.08092498779297,119.94000244140625
2019-05-03,264.87255859375,89.22913360595703,120.6500015258789
2019-05-06,263.7824401855469,89.34447479248047,120.80999755859375
2019-05-07,259.3774108886719,89.45150756835938,121.20999908447266
2019-05-08,259.01702880859375,89.4350357055664,120.91000366210938
2019-05-09,258.23333740234375,89.48444366455078,121.19999694824219
2019-05-10,259.530517578125,89.50091552734375,121.43000030517578
2019-05-13,253.00843811035156,89.64916229248047,122.66999816894531
2019-05-14,255.29661560058594,89.72331237792969,122.45999908447266
2019-05-15,256.7920227050781,89.8797836303711,122.38999938964844
2019-05-16,259.1702575683594,89.77275085449219,121.51000213623047
2019-05-17,257.4947204589844,89.79740905761719,120.6500015258789
2019-05-20,255.7920379638672,89.67388153076172,120.63999938964844
2019-05-21,258.0981750488281,89.66564178466797,120.36000061035156
2019-05-22,257.305419921875,89.81389617919922,120.23999786376953
2019-05-23,254.16159057617188,90.07746887207031,121.16999816894531
2019-05-24,254.73812866210938,90.11038970947266,121.30000305175781
2019-05-28,252.36888122558594,90.24215698242188,120.83000183105469
2019-05-29,250.67530822753906,90.26688385009766,120.87000274658203
2019-05-30,251.3599090576172,90.50574493408203,121.69000244140625
2019-05-31,247.97286987304688,90.9258041381836,123.33000183105469
2019-06-03,247.34217834472656,91.14038848876953,125.11000061035156
2019-06-04,252.7112579345703,91.05786895751953,125.1500015258789
2019-06-05,254.90029907226562,91.00833129882812,125.47000122070312
2019-06-06,256.5578308105469,90.99181365966797,125.87999725341797
2019-06-07,259.1251525878906,91.24773406982422,126.58999633789062
2019-06-10,260.31427001953125,91.00833129882812,125.33000183105469
2019-06-11,260.2512512207031,90.99181365966797,125.18000030517578
2019-06-12,259.7917785644531,91.10740661621094,125.83000183105469
2019-06-13,260.86376953125,91.30553436279297,126.5999984741211
2019-06-14,260.5755615234375,91.28076171875,126.55999755859375
2019-06-17,260.67462158203125,91.25601196289062,126.4800033569336
2019-06-18,263.40411376953125,91.50364685058594,127.12000274658203
2019-06-19,263.9986877441406,91.81736755371094,127.88999938964844
2019-06-20,266.5211181640625,91.9742202758789,131.11000061035156
2019-06-21,266.133544921875,91.73480987548828,131.97999572753906
2019-06-24,265.8077392578125,91.89988708496094,133.94000244140625
2019-06-25,263.20074462890625,91.9163818359375,134.1999969482422
2019-06-26,262.9381103515625,91.71003723144531,132.97000122070312
2019-06-27,263.87060546875,91.96598815917969,132.83999633789062
2019-06-28,265.22833251953125,91.92466735839844,133.1999969482422
2019-07-01,267.6362609863281,91.99254608154297,130.6199951171875
2019-07-02,268.333251953125,92.15802001953125,133.41000366210938
2019-07-03,270.47857666015625,92.30695343017578,133.6300048828125
2019-07-05,270.1708984375,91.91806030273438,132.13999938964844
2019-07-08,268.6863098144531,91.868408203125,131.2899932861328
2019-07-09,269.0212707519531,91.84357452392578,131.75
2019-07-10,270.3066711425781,91.90975952148438,133.8300018310547
2019-07-11,270.9402770996094,91.57054138183594,132.6999969482422
2019-07-12,272.1532897949219,91.66985321044922,133.52999877929688
2019-07-15,272.24383544921875,91.80224609375,133.52999877929688
2019-07-16,271.36566162109375,91.70288848876953,132.39999389648438
2019-07-17,269.5191345214844,91.9428939819336,134.5800018310547
2019-07-18,270.5058288574219,92.09182739257812,136.47999572753906
2019-07-19,269.00311279296875,91.9842529296875,134.47000122070312
2019-07-22,269.6639099121094,92.10010528564453,134.4499969482422
2019-07-23,271.5920104980469,92.00907135009766,133.69000244140625
2019-07-24,272.868408203125,92.1414794921875,134.3699951171875
2019-07-25,271.5649108886719,92.00080108642578,133.4199981689453
2019-07-26,273.3843688964844,92.01737213134766,133.63999938964844
2019-07-29,272.88653564453125,92.05867767333984,134.52999877929688
2019-07-30,272.21661376953125,92.05043029785156,134.97999572753906
2019-07-31,269.2384338378906,92.09182739257812,133.2100067138672
2019-08-01,266.8939208984375,92.81334686279297,136.41000366210938
2019-08-02,264.88433837890625,92.8465347290039,135.88999938964844
2019-08-05,256.9185791015625,93.2529296875,137.7899932861328
2019-08-06,260.521240234375,93.50169372558594,138.91000366210938
2019-08-07,260.6751403808594,93.45195770263672,141.02000427246094
2019-08-08,265.78961181640625,93.54316711425781,141.72999572753906
2019-08-09,263.9792785644531,93.41878509521484,141.25999450683594
2019-08-12,260.7656555175781,93.75881958007812,142.6300048828125
2019-08-13,264.8210754394531,93.62611389160156,141.77999877929688
2019-08-14,256.9909362792969,93.91638946533203,142.75
2019-08-15,257.6698303222656,94.3476791381836,143.6999969482422
2019-08-16,261.47161865234375,94.27301025390625,142.77999877929688
2019-08-19,264.6217956542969,94.02424621582031,141.11000061035156
2019-08-20,262.5941467285156,94.28131866455078,142.2100067138672
2019-08-21,264.73052978515625,94.2315673828125,141.75999450683594
2019-08-22,264.64898681640625,93.98275756835938,141.39999389648438
2019-08-23,257.8507995605469,94.3642349243164,144.1699981689453
2019-08-26,260.7023010253906,94.32276916503906,144.19000244140625
2019-08-27,259.679443359375,94.621337890625,145.57000732421875
2019-08-28,261.5079345703125,94.62965393066406,145.16000366210938
2019-08-29,264.8481750488281,94.57157897949219,144.1199951171875
2019-08-30,264.73052978515625,94.654541015625,143.75
2019-09-03,263.1825256347656,94.63211822509766,145.75
2019-09-04,266.1698913574219,94.7983627319336,146.66000366210938
2019-09-05,269.5914611816406,94.39102172851562,143.13999938964844
2019-09-06,269.7996826171875,94.4907455444336,141.9199981689453
2019-09-09,269.935546875,94.09173583984375,141.38999938964844
2019-09-10,269.8721008300781,93.58470916748047,140.17999267578125
2019-09-11,271.7911682128906,93.60132598876953,141.02999877929688
2019-09-12,272.7325439453125,93.45167541503906,141.32000732421875
2019-09-13,272.5515441894531,92.89472961425781,140.14999389648438
2019-09-16,271.7098083496094,93.14412689208984,141.32000732421875
2019-09-17,272.3976745605469,93.28543090820312,141.60000610351562
2019-09-18,272.56060791015625,93.39350128173828,140.7100067138672
2019-09-19,272.5424499511719,93.52654266357422,141.27999877929688
2019-09-20,271.2548522949219,93.8673095703125,142.9499969482422
2019-09-23,271.1911926269531,93.90888977050781,143.75
2019-09-24,269.06317138671875,94.16656494140625,144.50999450683594
2019-09-25,270.65460205078125,93.77587127685547,141.8300018310547
2019-09-26,270.0908203125,93.93382263183594,141.7899932861328
2019-09-27,268.6357116699219,94.05020141601562,141.05999755859375
2019-09-30,269.8815612792969,94.07513427734375,138.8699951171875
2019-10-01,266.6714172363281,94.24596405029297,139.6300048828125
2019-10-02,261.96075439453125,94.31256866455078,141.25999450683594
2019-10-03,264.1069641113281,94.6791763305664,141.89999389648438
2019-10-04,267.680908203125,94.82914733886719,141.89999389648438
2019-10-07,266.5259094238281,94.57084655761719,140.69000244140625
2019-10-08,262.38818359375,94.60419464111328,141.9199981689453
2019-10-09,264.8799133300781,94.55419921875,142.0500030517578
2019-10-10,266.6714172363281,94.22926330566406,140.80999755859375
2019-10-11,269.43597412109375,93.92102813720703,140.02999877929688
2019-10-14,269.13592529296875,94.07926940917969,140.58999633789062
2019-10-15,271.8004150390625,93.7710189819336,139.61000061035156
2019-10-16,271.3639221191406,93.93769073486328,140.41000366210938
2019-10-17,272.1642150878906,93.91268920898438,140.61000061035156
2019-10-18,270.972900390625,93.97933197021484,140.4600067138672
2019-10-21,272.8097839355469,93.7210693359375,139.7899932861328
2019-10-22,271.918701171875,93.86270904541016,140.1999969482422
2019-10-23,272.7098693847656,93.93769073486328,140.52999877929688
2019-10-24,273.1553649902344,93.9626235961914,141.52999877929688
2019-10-25,274.2740478515625,93.82935333251953,141.86000061035156
2019-10-28,275.8199768066406,93.6294174194336,140.63999938964844
2019-10-29,275.7381591796875,93.63775634765625,140.25
2019-10-30,276.5838928222656,93.90435791015625,141.02000427246094
2019-10-31,275.84722900390625,94.27092742919922,142.42999267578125
2019-11-01,278.4027099609375,94.29682159423828,142.55999755859375
2019-11-04,279.5211486816406,94.06304168701172,142.14999389648438
2019-11-05,279.2120361328125,93.71231079101562,139.85000610351562
2019-11-06,279.2757263183594,93.85427856445312,140.4499969482422
2019-11-07,280.2578430175781,93.41167449951172,138.27000427246094
2019-11-08,280.948974609375,93.36158752441406,137.38999938964844
2019-11-11,280.4123840332031,93.3782958984375,137.05999755859375
2019-11-12,281.0035705566406,93.478515625,137.42999267578125
2019-11-13,281.0944519042969,93.6455307006836,137.97999572753906
2019-11-14,281.5036926269531,93.91268920898438,138.55999755859375
2019-11-15,283.5407409667969,93.86260223388672,138.2100067138672
2019-11-18,283.7498779296875,94.03795623779297,138.6199951171875
2019-11-19,283.6680908203125,94.10472869873047,138.69000244140625
2019-11-20,282.6131896972656,94.33026123046875,138.75999450683594
2019-11-21,282.1584777832031,94.19662475585938,138.0
2019-11-22,282.7859191894531,94.24673461914062,137.74000549316406
2019-11-25,284.9776306152344,94.33856964111328,137.0800018310547
2019-11-26,285.6232604980469,94.47217559814453,137.74000549316406
2019-11-27,286.896484375,94.355224609375,137.00999450683594
2019-11-29,285.8323974609375,94.23838806152344,137.86000061035156
2019-12-02,283.4043884277344,94.13461303710938,137.7899932861328
2019-12-03,281.5036926269531,94.56134796142578,139.11000061035156
2019-12-04,283.24072265625,94.40237426757812,138.9199981689453
2019-12-05,283.7498779296875,94.29358673095703,139.0
2019-12-06,286.3417053222656,94.15970611572266,137.6199951171875
2019-12-09,285.4414367675781,94.20992279052734,137.5800018310547
2019-12-10,285.1231384277344,94.17648315429688,137.97000122070312
2019-12-11,285.9325256347656,94.42748260498047,138.9199981689453
2019-12-12,288.3969421386719,94.02582550048828,138.42999267578125
2019-12-13,288.5697326660156,94.40237426757812,139.0500030517578
2019-12-16,290.55218505859375,94.20992279052734,139.0399932861328
2019-12-17,290.61590576171875,94.21825408935547,139.00999450683594
2019-12-18,290.634033203125,94.03417205810547,139.02000427246094
2019-12-19,291.8253479003906,94.13561248779297,139.3800048828125
2019-12-20,293.1047668457031,94.15238189697266,139.52000427246094
2019-12-23,293.55255126953125,94.08528137207031,139.9499969482422
2019-12-24,293.5616760253906,94.20266723632812,141.27000427246094
2019-12-26,295.12445068359375,94.2865219116211,142.3800048828125
2019-12-27,295.0513000488281,94.41221618652344,142.3300018310547
2019-12-30,293.4245910644531,94.41221618652344,142.6300048828125
2019-12-31,294.1373291015625,94.19424438476562,142.89999389648438
2020-01-02,296.8880920410156,94.4541244506836,143.9499969482422
2020-01-03,294.64007568359375,94.73075866699219,145.86000061035156
2020-01-06,295.76409912109375,94.65530395507812,147.38999938964844
2020-01-07,294.9324645996094,94.55471801757812,147.97000122070312
2020-01-08,296.5043640136719,94.44573211669922,146.86000061035156
2020-01-09,298.514892578125,94.54629516601562,146.02999877929688
2020-01-10,297.65582275390625,94.70561218261719,146.91000366210938
2020-01-13,299.70294189453125,94.64692687988281,145.82000732421875
2020-01-14,299.2459716796875,94.73075866699219,145.69000244140625
2020-01-15,299.9222412109375,94.87324523925781,146.5399932861328
2020-01-16,302.4171142578125,94.87324523925781,146.30999755859375
2020-01-17,303.35833740234375,94.76429748535156,146.5800018310547
2020-01-21,302.76434326171875,95.03255462646484,146.74000549316406
2020-01-22,302.8009338378906,95.08283233642578,146.7899932861328
2020-01-23,303.1482238769531,95.20858764648438,147.1199951171875
2020-01-24,300.45220947265625,95.38456726074219,147.97999572753906
2020-01-27,295.63623046875,95.67801666259766,148.99000549316406
2020-01-28,298.7341613769531,95.59420013427734,147.66000366210938
2020-01-29,298.4874572753906,95.81209564208984,148.4600067138672
2020-01-30,299.4560546875,95.82049560546875,148.47000122070312
2020-01-31,294.0186462402344,96.10549926757812,149.3300018310547
2020-02-03,296.2027893066406,96.07441711425781,148.36000061035156
2020-02-04,300.71728515625,95.75518035888672,146.42999267578125
2020-02-05,304.1899719238281,95.61241912841797,146.61000061035156
2020-02-06,305.2135314941406,95.67118835449219,147.39999389648438
2020-02-07,303.5868835449219,95.94844055175781,147.7899932861328
2020-02-10,305.8531799316406,96.0576171875,148.1699981689453
2020-02-11,306.38323974609375,95.94001007080078,147.66000366210938
2020-02-12,308.35723876953125,95.83922576904297,147.5399932861328
2020-02-13,308.0282897949219,95.90640258789062,148.3800048828125
2020-02-14,308.5216979980469,96.00719451904297,149.0
2020-02-18,307.7266540527344,96.13322448730469,150.91000366210938
2020-02-19,309.1979064941406,96.1080093383789,151.7899932861328
2020-02-20,307.9277038574219,96.32643127441406,152.41000366210938
2020-02-21,304.756591796875,96.5196304321289,154.6999969482422
2020-02-24,294.64923095703125,96.8304443359375,156.08999633789062
2020-02-25,285.720703125,96.99845886230469,153.3000030517578
2020-02-26,284.66973876953125,96.89763641357422,153.97000122070312
2020-02-27,271.8846740722656,96.91448211669922,154.0
2020-02-28,270.742431640625,97.62847137451172,148.3800048828125
2020-03-02,282.4673156738281,97.5939712524414,149.1999969482422
2020-03-03,274.379638671875,98.25894927978516,153.88999938964844
2020-03-04,285.9126281738281,98.18318939208984,154.16000366210938
2020-03-05,276.4083251953125,98.48621368408203,157.49000549316406
2020-03-06,271.8390808105469,99.21015930175781,157.5500030517578
2020-03-09,250.60992431640625,99.0838623046875,157.80999755859375
2020-03-10,263.5777587890625,97.96431732177734,154.47999572753906
2020-03-11,250.72877502441406,96.5670166015625,153.92999267578125
2020-03-12,226.73968505859375,92.70331573486328,147.7899932861328
2020-03-13,246.1228485107422,94.15955352783203,143.27999877929688
2020-03-16,219.19114685058594,95.73365783691406,141.63999938964844
2020-03-17,231.02572631835938,93.25887298583984,143.55999755859375
2020-03-18,219.3282012939453,89.7066421508789,140.6999969482422
2020-03-19,219.79429626464844,91.71002197265625,138.0399932861328
2020-03-20,210.3224639892578,92.61917114257812,140.11000061035156
2020-03-23,204.94488525390625,94.81615447998047,146.3000030517578
2020-03-24,223.51356506347656,95.59896850585938,153.39999389648438
2020-03-25,226.8595733642578,96.57539367675781,151.3000030517578
2020-03-26,240.10589599609375,96.87005615234375,153.24000549316406
2020-03-27,232.95419311523438,97.2824935913086,152.25
2020-03-30,240.5194854736328,97.37507629394531,152.9199981689453
2020-03-31,236.93446350097656,97.1141586303711,148.0500030517578
2020-04-01,226.27125549316406,96.78430938720703,149.4499969482422
2020-04-02,231.49256896972656,96.92769622802734,151.89999389648438
2020-04-03,228.1465301513672,96.99519348144531,152.64999389648438
2020-04-06,243.47024536132812,97.46763610839844,156.8800048828125
2020-04-07,243.71847534179688,97.60257720947266,156.0399932861328
2020-04-08,251.8997802734375,97.69536590576172,154.64999389648438
2020-04-09,255.73297119140625,98.9101333618164,158.69000244140625
2020-04-13,253.39817810058594,98.4461441040039,161.41000366210938
2020-04-14,260.8715515136719,98.49678039550781,162.67999267578125
2020-04-15,255.32852172851562,98.9017105102539,161.85000610351562
2020-04-16,256.5602722167969,99.02821350097656,161.7100067138672
2020-04-17,263.49139404296875,98.9101333618164,158.57000732421875
2020-04-20,258.8492126464844,98.7667236328125,159.6999969482422
2020-04-21,250.98971557617188,98.8173599243164,158.61000061035156
2020-04-22,256.5602722167969,98.8173599243164,161.72999572753906
2020-04-23,256.5418701171875,99.0535659790039,163.33999633789062
2020-04-24,260.1177062988281,99.00293731689453,162.63999938964844
2020-04-27,263.8682556152344,98.54737854003906,161.55999755859375
2020-04-28,262.6548156738281,98.9354476928711,160.83999633789062
2020-04-29,269.5308532714844,99.00293731689453,161.72999572753906
2020-04-30,267.0212707519531,98.78361511230469,158.8000030517578
2020-05-01,259.9522399902344,98.78868103027344,159.77999877929688
2020-05-04,260.6693115234375,98.87318420410156,160.33999633789062
2020-05-05,263.0777282714844,98.79712677001953,161.02000427246094
2020-05-06,261.29437255859375,98.39981842041016,158.9499969482422
2020-05-07,264.4473571777344,98.70411682128906,161.38999938964844
2020-05-08,268.8229675292969,98.44210052490234,160.4199981689453
2020-05-11,268.87811279296875,98.14624786376953,159.4199981689453
2020-05-12,263.51898193359375,98.39981842041016,160.0399932861328
2020-05-13,258.8584289550781,98.56046295166016,161.5800018310547
2020-05-14,261.9561767578125,98.86474609375,163.00999450683594
2020-05-15,263.1604309082031,98.9239273071289,163.92999267578125
2020-05-18,271.1761779785156,98.78021240234375,162.69000244140625
2020-05-19,268.3909912109375,98.89012908935547,164.25999450683594
2020-05-20,272.9503479003906,99.1436767578125,164.64999389648438
2020-05-21,271.0659484863281,99.21975708007812,162.25
2020-05-22,271.58074951171875,99.27051544189453,163.2100067138672
2020-05-26,274.92669677734375,99.10986328125,160.88999938964844
2020-05-27,279.0173034667969,99.25360107421875,161.17999267578125
2020-05-28,278.5025939941406,99.18595886230469,161.72000122070312
2020-05-29,279.74346923828125,99.44800567626953,162.91000366210938
2020-06-01,280.8742370605469,99.39212799072266,163.66000366210938
2020-06-02,283.19989013671875,99.47681427001953,162.60000610351562
2020-06-03,286.96875,99.23121643066406,159.60000610351562
2020-06-04,286.2149658203125,98.9348373413086,161.27999877929688
2020-06-05,293.55059814453125,98.99411010742188,158.00999450683594
2020-06-08,297.09881591796875,99.10419464111328,159.72000122070312
2020-06-09,294.8834228515625,99.23121643066406,161.25999450683594
2020-06-10,293.238037109375,99.6376724243164,163.57000732421875
2020-06-11,276.3331604003906,99.46833038330078,162.38999938964844
2020-06-12,279.6424560546875,99.56996154785156,162.6199951171875
2020-06-15,282.25311279296875,99.90018463134766,162.3300018310547
2020-06-16,287.6858215332031,99.70543670654297,162.25
2020-06-17,286.4908142089844,99.62074279785156,162.55999755859375
2020-06-18,286.6010437011719,99.72242736816406,162.24000549316406
2020-06-19,284.9632263183594,99.75623321533203,164.02999877929688
2020-06-22,286.79132080078125,99.73085021972656,165.08999633789062
2020-06-23,288.11163330078125,99.71393585205078,166.47999572753906
2020-06-24,280.76214599609375,99.6969985961914,165.89999389648438
2020-06-25,283.7721862792969,99.8155517578125,165.8000030517578
2020-06-26,277.0321960449219,99.93408966064453,166.5399932861328
2020-06-29,281.10382080078125,100.01878356933594,166.6300048828125
2020-06-30,284.7046203613281,100.1033935546875,167.3699951171875
2020-07-01,286.6989440917969,100.15690612792969,166.6199951171875
2020-07-02,288.27783203125,100.27569580078125,166.97999572753906
2020-07-06,292.7279968261719,100.26719665527344,167.97999572753906
2020-07-07,289.7088317871094,100.41995239257812,169.0399932861328
2020-07-08,291.9246826171875,100.38595581054688,170.08999633789062
2020-07-09,290.2628173828125,100.64898681640625,169.6300048828125
2020-07-10,293.2266540527344,100.53019714355469,169.19000244140625
2020-07-13,290.6876525878906,100.52173614501953,169.39999389648438
2020-07-14,294.45458984375,100.68292236328125,170.19000244140625
2020-07-15,297.1597900390625,100.69139099121094,170.33999633789062
2020-07-16,296.18109130859375,100.75932312011719,168.72999572753906
2020-07-17,297.0397033691406,100.861083984375,170.1199951171875
2020-07-20,299.4403381347656,100.97138214111328,170.94000244140625
2020-07-21,300.077392578125,101.03076934814453,173.0
2020-07-22,301.7854919433594,101.11563110351562,175.6300048828125
2020-07-23,298.18463134765625,101.234375,177.17999267578125
2020-07-24,296.2642517089844,101.20045471191406,178.6999969482422
2020-07-27,298.4246826171875,101.13257598876953,182.22999572753906
2020-07-28,296.5320129394531,101.20045471191406,183.75
2020-07-29,300.178955078125,101.3192367553711,185.1300048828125
2020-07-30,299.10797119140625,101.39557647705078,183.75999450683594
2020-07-31,301.47149658203125,101.43804168701172,185.42999267578125
2020-08-03,303.5673522949219,101.47798919677734,185.63999938964844
2020-08-04,304.7400207519531,101.67343139648438,189.58999633789062
2020-08-05,306.63275146484375,101.47798919677734,191.35000610351562
2020-08-06,308.68243408203125,101.62244415283203,193.88999938964844
2020-08-07,308.90399169921875,101.50345611572266,190.80999755859375
2020-08-10,309.8273010253906,101.40995025634766,190.14999389648438
2020-08-11,307.2697448730469,101.12950134277344,179.94000244140625
2020-08-12,311.5537414550781,100.92554473876953,179.10000610351562
2020-08-13,310.9906005859375,100.55155181884766,183.3300018310547
2020-08-14,310.99981689453125,100.45809173583984,182.5399932861328
2020-08-17,311.98779296875,100.5940933227539,186.5
2020-08-18,312.66180419921875,100.73856353759766,188.17999267578125
2020-08-19,311.3599548339844,100.58556365966797,182.24000549316406
2020-08-20,312.3294372558594,100.76406860351562,183.5
2020-08-21,313.4373474121094,100.86602783203125,182.02999877929688
2020-08-24,316.6134948730469,100.82356262207031,181.0
2020-08-25,317.7214050292969,100.61104583740234,181.22000122070312
2020-08-26,320.9067687988281,100.5940933227539,183.36000061035156
2020-08-27,321.6084899902344,100.24561309814453,181.24000549316406
2020-08-28,323.685791015625,100.381591796875,184.38999938964844
2020-08-31,322.5133056640625,100.60260009765625,184.8300018310547
2020-09-01,325.5508728027344,100.81114196777344,185.0500030517578
2020-09-02,330.259521484375,101.01544189453125,182.6199951171875
2020-09-03,318.8939514160156,101.04100036621094,181.13999938964844
2020-09-04,316.2903137207031,100.5387191772461,181.63999938964844
2020-09-08,307.64825439453125,100.64938354492188,181.2899932861328
2020-09-09,313.7235412597656,100.6408462524414,183.0500030517578
2020-09-10,308.27618408203125,100.64938354492188,182.4600067138672
2020-09-11,308.4331970214844,100.76858520507812,182.4499969482422
2020-09-14,312.49554443359375,100.77706146240234,183.88999938964844
2020-09-15,314.0744934082031,100.78560638427734,183.4499969482422
2020-09-16,312.82794189453125,100.73451232910156,183.97000122070312
2020-09-17,310.07659912109375,100.76008605957031,182.9600067138672
2020-09-18,306.5067138671875,100.6408462524414,183.1999969482422
2020-09-21,303.0955505371094,100.65792083740234,179.52000427246094
2020-09-22,306.1823425292969,100.73451232910156,178.64999389648438
2020-09-23,299.0816345214844,100.52168273925781,174.7899932861328
2020-09-24,299.8788757324219,100.53022003173828,175.44000244140625
2020-09-25,304.7269592285156,100.564208984375,174.94000244140625
2020-09-28,309.7883605957031,100.64938354492188,176.6999969482422
2020-09-29,308.1011962890625,100.66641235351562,178.19000244140625
2020-09-30,310.43719482421875,100.5046615600586,177.1199951171875
2020-10-01,312.4302062988281,100.64279174804688,178.6999969482422
2020-10-02,309.4638671875,100.54048919677734,178.5399932861328
2020-10-05,314.9515075683594,100.21641540527344,179.41000366210938
2020-10-06,310.4742431640625,100.30170440673828,177.3000030517578
2020-10-07,315.8785400390625,100.23348236083984,177.22000122070312
2020-10-08,318.6780700683594,100.36141967773438,177.85000610351562
2020-10-09,321.52392578125,100.38701629638672,181.0800018310547
2020-10-12,326.69647216796875,100.58313751220703,180.55999755859375
2020-10-13,324.5643310546875,100.60870361328125,177.72000122070312
2020-10-14,322.5249938964844,100.6684341430664,178.27000427246094
2020-10-15,322.1263732910156,100.58313751220703,178.9199981689453
2020-10-16,321.9317626953125,100.53197479248047,178.3000030517578
2020-10-19,317.03729248046875,100.41258239746094,178.38999938964844
2020-10-20,318.3072814941406,100.32731628417969,179.25
2020-10-21,317.7046813964844,100.2078857421875,180.60000610351562
2020-10-22,319.44744873046875,100.02883911132812,178.8300018310547
2020-10-23,320.5320129394531,100.17378234863281,178.63999938964844
2020-10-26,314.608642578125,100.31021881103516,178.5500030517578
2020-10-27,313.5240478515625,100.54048919677734,179.02000427246094
2020-10-28,302.8080749511719,100.39553833007812,176.1300048828125
2020-10-29,305.8857116699219,100.21641540527344,175.39999389648438
2020-10-30,302.69683837890625,99.94355010986328,176.1999969482422
2020-11-02,306.0897216796875,100.12461853027344,177.91000366210938
2020-11-03,311.4939270019531,100.08191680908203,178.9199981689453
2020-11-04,318.45562744140625,100.74816131591797,178.82000732421875
2020-11-05,324.6664123535156,100.8421401977539,182.92999267578125
2020-11-06,324.5921630859375,100.62004089355469,183.19000244140625
2020-11-09,328.6709289550781,100.15026092529297,175.0800018310547
2020-11-10,328.1888732910156,99.98797607421875,175.66000366210938
2020-11-11,330.6268615722656,100.04776000976562,174.89999389648438
2020-11-12,327.4195556640625,100.46630859375,175.9600067138672
2020-11-13,331.952392578125,100.48338317871094,177.16000366210938
2020-11-16,336.0960998535156,100.4748306274414,177.14999389648438
2020-11-17,334.2883605957031,100.67987060546875,176.5
2020-11-18,330.2653503417969,100.74816131591797,175.49000549316406
2020-11-19,331.6557922363281,100.93608093261719,175.16000366210938
2020-11-20,329.3847351074219,101.03856658935547,175.69000244140625
2020-11-23,331.3591613769531,101.01296997070312,172.22999572753906
2020-11-24,336.6986389160156,100.87629699707031,169.58999633789062
2020-11-25,336.17950439453125,100.8421401977539,169.50999450683594
2020-11-27,337.11572265625,101.01296997070312,167.7899932861328
2020-11-30,335.6231994628906,101.14962005615234,166.6699981689453
2020-12-01,339.2940979003906,100.82960510253906,170.17999267578125
2020-12-02,340.0079345703125,100.71837615966797,171.4600067138672
2020-12-03,339.9151916503906,100.88951873779297,172.80999755859375
2020-12-04,342.84454345703125,100.61567687988281,172.32000732421875
2020-12-07,342.1399230957031,100.76972198486328,174.88999938964844
2020-12-08,343.1411437988281,100.77826690673828,175.5
2020-12-09,340.0634765625,100.63282012939453,172.5
2020-12-10,339.9523010253906,100.88094329833984,172.1699981689453
2020-12-11,339.5536804199219,100.99217987060547,172.49000549316406
2020-12-14,338.0334777832031,100.9322738647461,171.5399932861328
2020-12-15,342.6034240722656,100.99217987060547,173.94000244140625
2020-12-16,343.1411437988281,100.94939422607422,174.89999389648438
2020-12-17,345.0599365234375,100.94511413574219,176.74000549316406
2020-12-18,343.68218994140625,100.89371490478516,176.44000244140625
2020-12-21,342.4533996582031,100.89371490478516,175.8800048828125
2020-12-22,341.8761901855469,101.039306640625,174.49000549316406
2020-12-23,342.18341064453125,100.97077941894531,175.64999389648438
2020-12-24,343.51458740234375,101.06501770019531,176.35000610351562
2020-12-28,346.4657287597656,101.08216094970703,175.7100067138672
2020-12-29,345.80474853515625,101.09931182861328,176.35000610351562
2020-12-30,346.2981262207031,101.15925598144531,177.6999969482422
2020-12-31,348.0576171875,101.2363510131836,178.36000061035156
2021-01-04,343.31915283203125,101.10787963867188,182.3300018310547
2021-01-05,345.68365478515625,101.00505065917969,182.8699951171875
2021-01-06,347.7503967285156,100.50827026367188,179.89999389648438
2021-01-07,352.91705322265625,100.40547943115234,179.47999572753906
2021-01-08,354.9278564453125,100.28556060791016,173.33999633789062
2021-01-11,352.53533935546875,100.12281799316406,173.0
2021-01-12,352.60986328125,100.20845794677734,174.1199951171875
2021-01-13,353.5594177246094,100.52542114257812,173.3699951171875
2021-01-14,352.32122802734375,100.3283920288086,173.27999877929688
2021-01-15,349.7518615722656,100.43118286132812,171.1300048828125
2021-01-19,352.4981384277344,100.56826782226562,172.5800018310547
2021-01-20,357.37615966796875,100.57679748535156,175.38999938964844
2021-01-21,357.7020263671875,100.43118286132812,175.27999877929688
2021-01-22,356.4359436035156,100.43118286132812,173.89999389648438
2021-01-25,357.84173583984375,100.68814849853516,174.0500030517578
2021-01-26,357.2831115722656,100.65386199951172,173.6199951171875
2021-01-27,348.5509948730469,100.66242218017578,172.52000427246094
2021-01-28,351.5485534667969,100.59396362304688,172.67999267578125
2021-01-29,344.5107116699219,100.48257446289062,172.61000061035156
2021-02-01,350.2452697753906,100.57865905761719,174.22999572753906
2021-02-02,355.19781494140625,100.42422485351562,172.11000061035156
2021-02-03,355.47711181640625,100.30410766601562,171.85000610351562
2021-02-04,359.51739501953125,100.26123046875,168.14999389648438
2021-02-05,360.93243408203125,100.13251495361328,169.80999755859375
2021-02-08,363.5390319824219,100.23548889160156,171.52000427246094
2021-02-09,363.29693603515625,100.2783432006836,172.0800018310547
2021-02-10,363.13873291015625,100.37276458740234,172.7100067138672
2021-02-11,363.7252197265625,100.25261688232422,171.2100067138672
2021-02-12,365.5218811035156,100.02098083496094,170.69000244140625
2021-02-16,365.2054138183594,99.54911804199219,168.24000549316406
2021-02-17,365.2891845703125,99.7464599609375,166.3300018310547
2021-02-18,363.7344970703125,99.69495391845703,166.32000732421875
2021-02-19,363.0921936035156,99.38609313964844,167.00999450683594
2021-02-22,360.29937744140625,99.07723999023438,169.50999450683594
2021-02-23,360.7369384765625,99.10298156738281,169.1199951171875
2021-02-24,364.7119445800781,99.06863403320312,169.0
2021-02-25,355.9239501953125,98.15924072265625,165.82000732421875
2021-02-26,354.0899658203125,98.95710754394531,161.80999755859375
2021-03-01,362.6732482910156,98.90557098388672,161.52999877929688
2021-03-02,359.8431396484375,98.92272186279297,162.41000366210938
2021-03-03,355.07684326171875,98.56183624267578,160.6199951171875
2021-03-04,350.6828308105469,98.2781982421875,159.0399932861328
2021-03-05,357.13421630859375,98.20944213867188,159.13999938964844
2021-03-08,355.3561096191406,97.82275390625,157.49000549316406
2021-03-09,360.42974853515625,98.19229125976562,160.83999633789062
2021-03-10,362.6732482910156,98.35556030273438,161.66000366210938
2021-03-11,366.3504333496094,98.34696197509766,161.52000427246094
2021-03-12,366.84381103515625,97.78836059570312,161.49000549316406
2021-03-15,369.0314636230469,97.89149475097656,162.1999969482422
2021-03-16,368.566162109375,97.85710144042969,162.35000610351562
2021-03-17,369.8228454589844,97.8485107421875,163.50999450683594
2021-03-18,364.4420166015625,97.47037506103516,162.55999755859375
2021-03-19,363.7676086425781,97.54771423339844,163.24000549316406
2021-03-22,366.6723937988281,97.73682403564453,163.0
2021-03-23,363.78631591796875,97.98600006103516,161.80999755859375
2021-03-24,361.93707275390625,98.10636138916016,162.3699951171875
2021-03-25,363.9731750488281,98.05474090576172,161.77999877929688
2021-03-26,369.83856201171875,97.89149475097656,162.24000549316406
2021-03-29,369.6517028808594,97.72821044921875,160.30999755859375
2021-03-30,368.67108154296875,97.80553436279297,157.57000732421875
2021-03-31,370.1655578613281,97.82275390625,159.9600067138672
2021-04-01,374.1629333496094,98.15152740478516,161.97999572753906
2021-04-05,379.5332946777344,97.95354461669922,161.9199981689453
2021-04-06,379.30914306640625,98.29784393310547,163.22000122070312
2021-04-07,379.7481689453125,98.1429214477539,162.75999450683594
2021-04-08,381.55072021484375,98.3839340209961,164.50999450683594
2021-04-09,384.3246154785156,98.27203369140625,163.27000427246094
2021-04-12,384.4647216796875,98.24622344970703,162.27999877929688
2021-04-13,385.6042175292969,98.53021240234375,163.42999267578125
2021-04-14,384.287353515625,98.45272827148438,162.72000122070312
2021-04-15,388.4155578613281,98.840087890625,165.35000610351562
2021-04-16,389.71380615234375,98.58184814453125,166.35000610351562
2021-04-19,387.799072265625,98.5044174194336,165.88999938964844
2021-04-20,384.9598083496094,98.6593246459961,166.47999572753906
2021-04-21,388.6023254394531,98.75401306152344,168.1300048828125
2021-04-22,385.0531005859375,98.77982330322266,167.0399932861328
2021-04-23,389.22802734375,98.7625961303711,166.39999389648438
2021-04-26,390.0406188964844,98.67652893066406,166.83999633789062
2021-04-27,389.95660400390625,98.4355239868164,166.4199981689453
2021-04-28,389.844482421875,98.48719787597656,166.91000366210938
2021-04-29,392.3288879394531,98.4355239868164,166.22000122070312
2021-04-30,389.7510681152344,98.53884887695312,165.66000366210938
2021-05-03,390.5916748046875,98.60175323486328,167.80999755859375
2021-05-04,388.1820068359375,98.72239685058594,166.5800018310547
2021-05-05,388.3034362792969,98.80003356933594,167.27000427246094
2021-05-06,391.40423583984375,98.81725311279297,170.05999755859375
2021-05-07,394.25286865234375,98.7913589477539,171.58999633789062
2021-05-10,390.34881591796875,98.6362533569336,172.11000061035156
2021-05-11,386.8650207519531,98.4207534790039,172.13999938964844
2021-05-12,378.64599609375,98.07593536376953,170.42999267578125
2021-05-13,383.19451904296875,98.30008697509766,171.1300048828125
2021-05-14,389.0786437988281,98.5241928100586,172.69000244140625
2021-05-17,388.08856201171875,98.43795013427734,174.6999969482422
2021-05-18,384.7449035644531,98.31727600097656,175.0399932861328
2021-05-19,383.7362365722656,98.17939758300781,175.16000366210938
2021-05-20,387.8644104003906,98.51556396484375,175.9600067138672
2021-05-21,387.5469055175781,98.55864715576172,176.0399932861328
2021-05-24,391.49761962890625,98.65347290039062,176.35000610351562
2021-05-25,390.6290588378906,98.89482879638672,177.9499969482422
2021-05-26,391.40423583984375,98.86034393310547,177.63999938964844
2021-05-27,391.6097412109375,98.73966217041016,177.7100067138672
2021-05-28,392.310302734375,98.73966217041016,178.3800048828125
2021-06-01,391.9646301269531,98.69391632080078,177.89999389648438
2021-06-02,392.5810241699219,98.82339477539062,178.77000427246094
2021-06-03,391.1240234375,98.59031677246094,175.27000427246094
2021-06-04,394.7012023925781,98.99607849121094,177.16000366210938
2021-06-07,394.3182067871094,98.92697143554688,177.8699951171875
2021-06-08,394.4023132324219,99.10828399658203,177.32000732421875
2021-06-09,393.81390380859375,99.30680847167969,176.97999572753906
2021-06-10,395.6445617675781,99.51400756835938,177.74000549316406
2021-06-11,396.2983093261719,99.4708251953125,175.74000549316406
2021-06-14,397.1856384277344,99.2204818725586,174.7100067138672
2021-06-15,396.4571838378906,99.2636489868164,174.0500030517578
2021-06-16,394.2435607910156,98.94426727294922,171.11000061035156
2021-06-17,394.11279296875,99.25499725341797,165.85000610351562
2021-06-18,388.7961120605469,99.52265167236328,164.92999267578125
2021-06-21,394.362060546875,99.2636489868164,166.9499969482422
2021-06-22,396.4703674316406,99.36723327636719,166.25
2021-06-23,395.9925537109375,99.31543731689453,166.13999938964844
2021-06-24,398.3350524902344,99.3499755859375,166.0399932861328
2021-06-25,399.7499694824219,99.15145111083984,166.58999633789062
2021-06-28,400.55584716796875,99.43629455566406,166.5800018310547
2021-06-29,400.7713317871094,99.48809051513672,164.8300018310547
2021-06-30,401.1087951660156,99.55716705322266,165.6300048828125
2021-07-01,403.3294677734375,99.50181579589844,166.1999969482422
2021-07-02,406.4123840332031,99.71792602539062,167.2899932861328
2021-07-06,405.672119140625,100.03779602050781,168.1199951171875
2021-07-07,407.1057434082031,100.21065521240234,168.75999450683594
2021-07-08,403.7886657714844,100.3230209350586,168.64999389648438
2021-07-09,408.0989990234375,99.99454498291016,169.2100067138672
2021-07-12,409.5608215332031,99.93405151367188,169.0
2021-07-13,408.16461181640625,99.71792602539062,169.22000122070312
2021-07-14,408.7737121582031,100.05506896972656,171.0399932861328
2021-07-15,407.37750244140625,100.2711410522461,171.07000732421875
2021-07-16,404.1822814941406,100.18470001220703,169.41000366210938
2021-07-19,398.2132873535156,100.71199798583984,169.61000061035156
2021-07-20,403.91986083984375,100.6169204711914,169.38999938964844
2021-07-21,407.19012451171875,100.28843688964844,168.75999450683594
2021-07-22,408.04278564453125,100.52184295654297,169.08999633789062
2021-07-23,412.2406921386719,100.45267486572266,168.55999755859375
2021-07-26,413.2527770996094,100.36625671386719,168.16000366210938
2021-07-27,411.3692626953125,100.5996322631836,168.44000244140625
2021-07-28,411.2006530761719,100.69471740722656,169.2899932861328
2021-07-29,412.9060363769531,100.5304946899414,171.1699981689453
2021-07-30,410.9007873535156,100.66878509521484,169.82000732421875
2021-08-02,410.0387268066406,100.8825912475586,169.61000061035156
2021-08-03,413.3745422363281,100.9172134399414,169.49000549316406
2021-08-04,411.3412170410156,100.90858459472656,169.52999877929688
2021-08-05,413.9461975097656,100.6834716796875,168.86000061035156
2021-08-06,414.6302185058594,100.23338317871094,164.63999938964844
2021-08-09,414.2928771972656,100.05157470703125,161.72000122070312
2021-08-10,414.8082275390625,99.9217300415039,161.77000427246094
2021-08-11,415.8389892578125,100.0169677734375,164.0
2021-08-12,417.085205078125,100.0256118774414,164.0399932861328
2021-08-13,417.8442687988281,100.38916015625,166.38999938964844
2021-08-16,418.828125,100.44108581542969,167.22000122070312
2021-08-17,416.08258056640625,100.36322021484375,166.97000122070312
2021-08-18,411.528564453125,100.37188720703125,167.10000610351562
2021-08-19,412.1657409667969,100.54499816894531,166.61000061035156
2021-08-20,415.4454040527344,100.55364227294922,166.6999969482422
2021-08-23,419.09991455078125,100.55364227294922,168.72999572753906
2021-08-24,419.76519775390625,100.4064712524414,168.64999389648438
2021-08-25,420.64599609375,100.21604919433594,167.47999572753906
2021-08-26,418.1627502441406,100.22470092773438,167.6699981689453
2021-08-27,421.901611328125,100.50171661376953,170.19000244140625
2021-08-30,423.7569274902344,100.6142578125,169.35000610351562
2021-08-31,423.12921142578125,100.46708679199219,169.69000244140625
2021-09-01,423.3540344238281,100.4991683959961,169.6999969482422
2021-09-02,424.656494140625,100.60319519042969,169.25
2021-09-03,424.553466796875,100.42981719970703,171.05999755859375
2021-09-07,423.0354309082031,100.16107177734375,167.7100067138672
2021-09-08,422.52008056640625,100.32579803466797,167.2899932861328
2021-09-09,420.7115478515625,100.64653778076172,168.02999877929688
2021-09-10,417.3944396972656,100.44715881347656,167.17999267578125
2021-09-13,418.46270751953125,100.57719421386719,167.74000549316406
2021-09-14,416.2044677734375,100.80256652832031,168.82000732421875
2021-09-15,419.6807861328125,100.70720672607422,167.8300018310547
2021-09-16,419.01556396484375,100.53382873535156,164.02999877929688
2021-09-17,414.9338684082031,100.44715881347656,163.77000427246094
2021-09-20,408.0152282714844,100.63784790039062,164.94000244140625
2021-09-21,407.6297607421875,100.68122863769531,166.0399932861328
2021-09-22,411.60614013671875,100.71589660644531,165.4199981689453
2021-09-23,416.6070861816406,100.22173309326172,163.50999450683594
2021-09-24,417.2933654785156,100.04837036132812,163.3000030517578
2021-09-27,416.099609375,99.90967559814453,163.63999938964844
2021-09-28,407.7143859863281,99.4935531616211,162.0500030517578
2021-09-29,408.400634765625,99.56291198730469,161.32000732421875
2021-09-30,403.4090270996094,99.54556274414062,164.22000122070312
2021-10-01,408.203125,99.8494644165039,164.58999633789062
2021-10-04,402.93896484375,99.77999877929688,165.36000061035156
2021-10-05,407.13153076171875,99.54558563232422,164.58999633789062
2021-10-06,408.8235778808594,99.5889892578125,165.02999877929688
2021-10-07,412.3581848144531,99.31114196777344,164.16000366210938
2021-10-08,411.60614013671875,99.0940933227539,164.22999572753906
2021-10-11,408.62628173828125,98.93778991699219,163.9199981689453
2021-10-12,407.6203918457031,99.3024673461914,164.66000366210938
2021-10-13,409.0868225097656,99.5282211303711,167.58999633789062
2021-10-14,415.9679260253906,99.71920776367188,168.0
2021-10-15,419.1358337402344,99.47608947753906,165.3300018310547
2021-10-18,420.3767395019531,99.40670013427734,164.9199981689453
2021-10-19,423.619873046875,99.1201400756836,165.4499969482422
2021-10-20,425.2837829589844,99.05066680908203,166.89999389648438
2021-10-21,426.39300537109375,98.8423080444336,166.75
2021-10-22,425.9512023925781,99.03329467773438,167.77000427246094
2021-10-25,428.2354431152344,99.1288070678711,168.92999267578125
2021-10-26,428.6208801269531,99.31114196777344,167.67999267578125
2021-10-27,426.7220153808594,99.64108276367188,168.1199951171875
2021-10-28,430.8393249511719,99.56295013427734,168.0800018310547
2021-10-29,431.7136535644531,99.53690338134766,166.64999389648438
2021-11-01,432.4562072753906,99.47601318359375,167.52000427246094
2021-11-02,434.2047424316406,99.67604064941406,167.16000366210938
2021-11-03,436.8555908203125,99.47601318359375,165.77000427246094
2021-11-04,438.9143371582031,99.80646514892578,167.64999389648438
2021-11-05,440.4372253417969,100.19781494140625,169.83999633789062
2021-11-08,440.813232421875,100.01516723632812,170.4499969482422
2021-11-09,439.3561706542969,100.29344177246094,171.2899932861328
2021-11-10,435.821533203125,99.61516571044922,173.14999389648438
2021-11-11,435.9626159667969,99.43254089355469,174.1199951171875
2021-11-12,439.2527160644531,99.41515350341797,174.4499969482422
2021-11-15,439.4031066894531,99.04991912841797,174.17999267578125
2021-11-16,441.1421813964844,99.01512908935547,172.9199981689453
2021-11-17,440.0705871582031,99.24994659423828,174.5
2021-11-18,441.5652160644531,99.33688354492188,173.94000244140625
2021-11-19,440.77557373046875,99.5281982421875,172.61000061035156
2021-11-22,439.5346984863281,99.04991912841797,168.74000549316406
2021-11-23,440.11761474609375,98.65853881835938,167.27999877929688
2021-11-24,441.2926330566406,98.88467407226562,167.1199951171875
2021-11-26,431.4504089355469,99.58907318115234,166.85000610351562
2021-11-29,436.7427978515625,99.64125061035156,166.6199951171875
2021-11-30,428.2449035644531,99.80646514892578,165.5
2021-12-01,423.48822021484375,99.8256607055664,166.16000366210938
2021-12-02,429.97454833984375,99.8082046508789,165.24000549316406
2021-12-03,426.233154296875,100.20880889892578,166.6300048828125
2021-12-06,431.28118896484375,99.86048126220703,166.22000122070312
2021-12-07,440.2021484375,99.70375061035156,166.80999755859375
2021-12-08,441.3678894042969,99.44248962402344,166.89999389648438
2021-12-09,438.38787841796875,99.451171875,165.8800048828125
2021-12-10,442.5146179199219,99.47733306884766,166.5800018310547
2021-12-13,438.59478759765625,99.8256607055664,167.0
2021-12-14,435.5771789550781,99.63407897949219,165.44000244140625
2021-12-15,442.3830871582031,99.5556640625,166.14999389648438
2021-12-16,438.48187255859375,99.69252014160156,168.16000366210938
2021-12-17,433.8151550292969,99.81458282470703,167.8000030517578
2021-12-20,429.2023010253906,99.6663818359375,167.08999633789062
2021-12-21,436.8244323730469,99.58793640136719,167.02000427246094
2021-12-22,441.192138671875,99.67508697509766,168.58999633789062
2021-12-23,443.9372863769531,99.55304718017578,168.97000122070312
2021-12-27,450.2199401855469,99.60537719726562,169.3699951171875
2021-12-28,449.8520812988281,99.56178283691406,168.63999938964844
2021-12-29,450.427490234375,99.26537322998047,168.58999633789062
2021-12-30,449.1822814941406,99.48330688476562,169.8000030517578
2021-12-31,448.05029296875,99.44844055175781,170.9600067138672
2022-01-03,450.6444396972656,98.76850128173828,168.3300018310547
2022-01-04,450.4934997558594,98.75977325439453,169.57000732421875
2022-01-05,441.84307861328125,98.45465850830078,169.05999755859375
2022-01-06,441.4280090332031,98.35004425048828,166.99000549316406
2022-01-07,439.68280029296875,98.06236267089844,167.75
2022-01-10,439.1356506347656,97.97520446777344,168.25999450683594
2022-01-11,443.13543701171875,98.15824127197266,170.2899932861328
2022-01-12,444.3334045410156,98.15824127197266,170.74000549316406
2022-01-13,438.2111511230469,98.3326187133789,170.16000366210938
2022-01-14,438.390380859375,97.78341674804688,169.6699981689453
2022-01-18,430.6267395019531,97.19064331054688,169.38999938964844
2022-01-19,426.1552734375,97.39984130859375,172.0800018310547
2022-01-20,421.43853759765625,97.45217895507812,171.64999389648438
2022-01-21,413.1654968261719,97.83570861816406,171.08999633789062
2022-01-24,414.9200134277344,97.7223892211914,172.02999877929688
2022-01-25,409.854248046875,97.62650299072266,172.5800018310547
2022-01-26,408.8260498046875,97.07732391357422,169.7899932861328
2022-01-27,406.8072509765625,97.39984130859375,167.60000610351562
2022-01-28,416.9104919433594,97.4695816040039,167.10000610351562
2022-01-31,424.4195861816406,97.46088409423828,168.08999633789062
2022-02-01,427.28729248046875,97.42680358886719,168.22999572753906
2022-02-02,431.43798828125,97.5316162109375,168.83999633789062
2022-02-03,421.29705810546875,97.13871002197266,168.60000610351562
2022-02-04,423.2781066894531,96.52761840820312,168.86000061035156
2022-02-07,421.9196472167969,96.61492156982422,170.11000061035156
2022-02-08,425.39117431640625,96.31810760498047,170.6300048828125
2022-02-09,431.6171875,96.37919616699219,171.2100067138672
2022-02-10,423.8629150390625,95.48878479003906,170.55999755859375
2022-02-11,415.5049133300781,96.11731719970703,173.80999755859375
2022-02-14,414.1464538574219,95.55860900878906,174.74000549316406
2022-02-15,420.82537841796875,95.4014663696289,173.0800018310547
2022-02-16,421.29705810546875,95.5149154663086,174.86000061035156
2022-02-17,412.2975158691406,95.71575164794922,177.25
2022-02-18,409.6279296875,95.91653442382812,177.1199951171875
2022-02-22,405.23187255859375,95.81178283691406,177.49000549316406
2022-02-23,398.04364013671875,95.38401794433594,178.2899932861328
2022-02-24,404.0338134765625,95.55860900878906,177.13999938964844
2022-02-25,412.94842529296875,95.65465545654297,176.5500030517578
2022-02-28,411.8918762207031,96.34427642822266,178.3800048828125
2022-03-01,405.6186828613281,96.88725280761719,181.6199951171875
2022-03-02,413.08056640625,95.72444915771484,179.72999572753906
2022-03-03,411.02398681640625,96.04792022705078,180.8000030517578
2022-03-04,407.6846008300781,96.43262481689453,183.67999267578125
2022-03-07,395.66644287109375,95.8730697631836,186.41000366210938
2022-03-08,392.6665954589844,95.5321044921875,191.50999450683594
2022-03-09,403.19427490234375,95.33100891113281,185.82000732421875
2022-03-10,401.3736877441406,94.79771423339844,186.39999389648438
2022-03-11,396.27020263671875,94.78022766113281,185.08999633789062
2022-03-14,393.37408447265625,93.86222839355469,182.3000030517578
2022-03-15,402.0245361328125,94.07206726074219,178.88999938964844
2022-03-16,410.9390869140625,94.14200592041016,180.00999450683594
2022-03-17,416.08038330078125,94.29937744140625,180.88999938964844
2022-03-18,420.6375732421875,94.50920104980469,179.3000030517578
2022-03-21,420.5146179199219,93.58247375488281,180.6699981689453
2022-03-22,425.4351806640625,93.32891082763672,179.36000061035156
2022-03-23,419.956298828125,93.71360778808594,181.80999755859375
2022-03-24,426.2868347167969,93.50377655029297,183.1300048828125
2022-03-25,428.3686218261719,92.76065826416016,182.3800048828125
2022-03-28,431.4156494140625,92.98796081542969,179.05999755859375
2022-03-29,436.75262451171875,93.42509460449219,179.13999938964844
2022-03-30,434.0557861328125,93.67866516113281,180.5800018310547
2022-03-31,427.3750915527344,93.63496398925781,180.64999389648438
2022-04-01,428.58624267578125,93.46854400634766,179.5
2022-04-04,432.2578125,93.54734802246094,180.3699951171875
2022-04-05,426.7978515625,92.60172271728516,179.24000549316406
2022-04-06,422.5301208496094,92.36531829833984,179.66000366210938
2022-04-07,424.6591796875,92.1639633178711,180.33999633789062
2022-04-08,423.52374267578125,91.69988250732422,181.47000122070312
2022-04-11,416.2846984863281,91.30587768554688,182.3699951171875
2022-04-12,414.7423400878906,91.59481811523438,183.77000427246094
2022-04-13,419.49261474609375,91.77867889404297,184.64999389648438
2022-04-14,414.2691955566406,91.03446960449219,184.0399932861328
2022-04-18,414.4395446777344,90.7542495727539,184.61000061035156
2022-04-19,421.1296691894531,90.20263671875,181.82000732421875
2022-04-20,420.81732177734375,90.71923065185547,182.7100067138672
2022-04-21,414.52459716796875,90.22015380859375,182.05999755859375
2022-04-22,403.1504821777344,90.13259887695312,180.2899932861328
2022-04-25,405.48779296875,90.73673248291016,177.0500030517578
2022-04-26,393.7445068359375,91.01692199707031,177.32000732421875
2022-04-27,394.85162353515625,90.64917755126953,175.97999572753906
2022-04-28,404.8254089355469,90.61412811279297,176.92999267578125
2022-04-29,389.86474609375,90.07130432128906,176.91000366210938
2022-05-02,392.2115478515625,89.58097839355469,173.6300048828125
2022-05-03,394.0094909667969,89.78270721435547,174.08999633789062
2022-05-04,406.0081787109375,90.36164093017578,175.8000030517578
2022-05-05,391.5775451660156,89.46695709228516,175.1300048828125
2022-05-06,389.2402038574219,89.08980560302734,175.4199981689453
2022-05-09,376.7778625488281,89.52835845947266,172.8800048828125
2022-05-10,377.6483459472656,89.80024719238281,171.4199981689453
2022-05-11,371.6490173339844,90.13358306884766,172.82000732421875
2022-05-12,371.2609558105469,90.30021667480469,170.1699981689453
2022-05-13,380.1371154785156,89.9142837524414,168.7899932861328
2022-05-16,378.59466552734375,90.11603546142578,170.39999389648438
2022-05-17,386.3824768066406,89.62483978271484,169.3300018310547
2022-05-18,370.8068542480469,89.98445129394531,169.4199981689453
2022-05-19,368.5357971191406,90.2125244140625,171.91000366210938
2022-05-20,368.6966552734375,90.48442840576172,172.02999877929688
2022-05-23,375.5949401855469,90.18620300292969,172.8300018310547
2022-05-24,372.72784423828125,90.87913513183594,174.1300048828125
2022-05-25,376.020751953125,91.25631713867188,173.0800018310547
2022-05-26,383.5341796875,91.18611907958984,172.75999450683594
2022-05-27,392.94964599609375,91.33525848388672,172.85000610351562
2022-05-31,390.7448425292969,90.75634765625,171.13999938964844
2022-06-01,387.58428955078125,90.3837661743164,172.22999572753906
2022-06-02,394.9651794433594,90.49801635742188,174.35000610351562
2022-06-03,388.48321533203125,90.34861755371094,172.5800018310547
2022-06-06,389.66607666015625,89.79502868652344,171.82000732421875
2022-06-07,393.40380859375,90.13773345947266,172.94000244140625
2022-06-08,389.126708984375,89.76866912841797,172.77999877929688
2022-06-09,379.8720703125,89.67200469970703,172.22999572753906
2022-06-10,368.85748291015625,88.97784423828125,174.5399932861328
2022-06-13,354.8526611328125,87.51918029785156,169.92999267578125
2022-06-14,353.7833557128906,87.00076293945312,168.57000732421875
2022-06-15,358.8270263671875,87.96730041503906,170.77000427246094
2022-06-16,346.95123291015625,88.17821502685547,172.69000244140625
2022-06-17,347.69915771484375,88.16943359375,171.27000427246094
2022-06-21,356.4520568847656,87.81793212890625,170.6300048828125
2022-06-22,355.8058166503906,88.56484985351562,171.30999755859375
2022-06-23,359.2936706542969,88.93389892578125,170.25999450683594
2022-06-24,370.7169189453125,88.79329681396484,170.08999633789062
2022-06-27,369.3009338378906,88.39787292480469,169.89999389648438
2022-06-28,361.75506591796875,88.43302154541016,169.6199951171875
2022-06-29,361.4604187011719,88.94268798828125,169.49000549316406
2022-06-30,358.5238342285156,89.34691619873047,168.4600067138672
2022-07-01,362.3157653808594,90.0916519165039,168.32000732421875
2022-07-05,363.0,90.25890350341797,164.75
2022-07-06,364.2259216308594,89.65147399902344,162.13999938964844
2022-07-07,369.6809997558594,89.44902038574219,162.22999572753906
2022-07-08,369.3769836425781,89.114501953125,162.3000030517578
2022-07-11,365.15740966796875,89.5282211303711,161.42999267578125
2022-07-12,361.9261474609375,89.65147399902344,160.8300018310547
2022-07-13,360.0253601074219,89.97720336914062,161.60000610351562
2022-07-14,359.1509704589844,89.66029357910156,159.3300018310547
2022-07-15,366.0126953125,90.01239013671875,159.00999450683594
2022-07-18,362.9905090332031,89.72193145751953,159.16000366210938
2022-07-19,372.7982177734375,89.59866333007812,159.5399932861328
2022-07-20,375.17413330078125,89.53704833984375,158.0399932861328
2022-07-21,378.99462890625,90.2853012084961,160.27000427246094
2022-07-22,375.4782409667969,90.98954772949219,160.6699981689453
2022-07-25,375.9344482421875,90.65504455566406,160.22999572753906
2022-07-26,371.4866943359375,90.63742065429688,160.0399932861328
2022-07-27,381.1329650878906,90.95430755615234,161.6699981689453
2022-07-28,385.91326904296875,91.60577392578125,163.63999938964844
2022-07-29,391.53936767578125,91.61458587646484,164.10000610351562
2022-08-01,390.3799743652344,91.93209075927734,165.02999877929688
2022-08-02,387.8044738769531,90.98835754394531,164.0500030517578
2022-08-03,393.8772888183594,91.39409637451172,164.4499969482422
2022-08-04,393.6111755371094,91.61459350585938,167.1699981689453
2022-08-05,392.9459228515625,90.59146118164062,165.2899932861328
2022-08-08,392.48968505859375,91.0060043334961,166.69000244140625
2022-08-09,390.9311218261719,90.80313873291016,167.1999969482422
2022-08-10,399.1422119140625,91.03245544433594,166.77999877929688
2022-08-11,399.1422119140625,90.54735565185547,166.33999633789062
2022-08-12,405.8993225097656,90.9531021118164,167.8699951171875
2022-08-15,407.5719299316406,91.06774139404297,165.7100067138672
2022-08-16,408.3702697753906,90.93543243408203,165.4199981689453
2022-08-17,405.4716796875,90.39739227294922,164.35000610351562
2022-08-18,406.650146484375,90.59146118164062,163.9199981689453
2022-08-19,401.1855163574219,89.95640563964844,162.72000122070312
2022-08-22,392.8318786621094,89.56832122802734,161.63999938964844
2022-08-23,391.88153076171875,89.53302001953125,162.77000427246094
2022-08-24,393.13592529296875,89.29489135742188,163.25
2022-08-25,398.6861267089844,89.78883361816406,163.75
2022-08-26,385.1909484863281,89.6212158203125,161.75999450683594
2022-08-29,382.6439514160156,89.1890640258789,161.86000061035156
2022-08-30,378.4433288574219,89.30371856689453,160.50999450683594
2022-08-31,375.5638122558594,88.82743072509766,159.27000427246094
2022-09-01,376.7422790527344,88.44209289550781,157.8699951171875
2022-09-02,372.7697448730469,88.69841003417969,159.25999450683594
2022-09-06,371.36322021484375,87.86763000488281,158.3300018310547
2022-09-07,378.0347900390625,88.4774169921875,159.94000244140625
2022-09-08,380.50567626953125,88.19463348388672,158.97999572753906
2022-09-09,386.4169006347656,88.1857681274414,159.82000732421875
2022-09-12,390.5700378417969,88.05320739746094,160.6300048828125
2022-09-13,373.5870361328125,87.55830383300781,158.5399932861328
2022-09-14,375.0126037597656,87.67316436767578,157.92999267578125
2022-09-15,370.7549743652344,87.40803527832031,154.97999572753906
2022-09-16,367.9264831542969,87.3461685180664,155.83999633789062
2022-09-19,370.7797546386719,87.21360778808594,155.9600067138672
2022-09-20,366.5237731933594,86.82474517822266,155.07000732421875
2022-09-21,360.130126953125,87.09870147705078,155.7899932861328
2022-09-22,357.1051330566406,86.17070770263672,155.6999969482422
2022-09-23,351.1219177246094,85.90557098388672,153.00999450683594
2022-09-26,347.64837646484375,84.80081939697266,151.22999572753906
2022-09-27,346.76092529296875,84.43846130371094,151.5399932861328
2022-09-28,353.58392333984375,85.79952239990234,154.69000244140625
2022-09-29,346.1978759765625,85.34877014160156,154.66000366210938
2022-09-30,340.84442138671875,85.1454849243164,154.6699981689453
2022-10-03,349.84320068359375,85.8372802734375,158.42999267578125
2022-10-04,360.68359375,86.06757354736328,160.6999969482422
2022-10-05,359.8438720703125,85.61583709716797,159.80999755859375
2022-10-06,356.1318359375,85.27923583984375,159.6300048828125
2022-10-07,346.1978759765625,84.82752990722656,157.8800048828125
2022-10-10,343.5545654296875,84.44664764404297,155.47999572753906
2022-10-11,341.37884521484375,84.49980163574219,155.16000366210938
2022-10-12,340.2528381347656,84.57069396972656,155.99000549316406
2022-10-13,349.2324523925781,84.3049087524414,154.91000366210938
2022-10-14,341.27392578125,83.84437561035156,152.97999572753906
2022-10-17,350.0435791015625,84.02149963378906,153.4199981689453
2022-10-18,354.156494140625,84.16323852539062,153.75
2022-10-19,351.6467590332031,83.43693542480469,151.69000244140625
2022-10-20,348.6981201171875,82.93203735351562,151.4499969482422
2022-10-21,357.1719665527344,83.0560302734375,154.14999389648438
2022-10-24,361.5425109863281,82.94090270996094,153.64999389648438
2022-10-25,367.3158264160156,83.75575256347656,154.0
2022-10-26,364.5484313964844,84.12779998779297,154.97999572753906
2022-10-27,362.60174560546875,84.5529556274414,154.74000549316406
2022-10-28,371.228271484375,84.34037017822266,153.16000366210938
2022-10-31,368.5467224121094,84.05693054199219,151.91000366210938
2022-11-01,366.9340515136719,84.21317291259766,153.4600067138672
2022-11-02,357.7254943847656,84.0711441040039,152.38999938964844
2022-11-03,354.0419616699219,83.76040649414062,151.80999755859375
2022-11-04,359.1377258300781,83.75151824951172,156.47000122070312
2022-11-07,362.5731201171875,83.48519897460938,155.85000610351562
2022-11-08,364.52935791015625,83.84032440185547,159.4499969482422
2022-11-09,357.0192565917969,83.93798065185547,158.64999389648438
2022-11-10,376.6389465332031,85.74012756347656,163.47999572753906
2022-11-11,380.2842712402344,85.67796325683594,164.55999755859375
2022-11-14,377.0491943359375,85.43829345703125,164.9199981689453
2022-11-15,380.26513671875,86.06861114501953,165.5
2022-11-16,377.3642272949219,86.60126495361328,165.1199951171875
2022-11-17,376.2095947265625,86.23727416992188,163.9199981689453
2022-11-18,377.9176330566406,86.11298370361328,162.7899932861328
2022-11-21,376.5435485839844,86.05973052978516,161.8800048828125
2022-11-22,381.6107177734375,86.50358581542969,162.07000732421875
2022-11-23,384.0154113769531,87.01849365234375,163.0800018310547
2022-11-25,383.9295654296875,87.0362777709961,163.22000122070312
2022-11-28,377.8031921386719,86.89422607421875,161.92999267578125
2022-11-29,377.1543273925781,86.58349609375,162.72999572753906
2022-11-30,389.034912109375,87.2581787109375,164.80999755859375
2022-12-01,388.7485656738281,87.98429870605469,167.83999633789062
2022-12-02,388.3000793457031,88.34910583496094,167.25999450683594
2022-12-05,381.3148498535156,87.6550521850586,164.38999938964844
2022-12-06,375.8182678222656,87.91310119628906,164.83999633789062
2022-12-07,375.178955078125,88.6961441040039,166.3300018310547
2022-12-08,378.1180725097656,88.42918395996094,166.47000122070312
2022-12-09,375.29345703125,87.9041976928711,167.05999755859375
2022-12-12,380.7041931152344,87.9219970703125,165.67999267578125
2022-12-13,383.5860595703125,88.50926208496094,168.50999450683594
2022-12-14,381.13348388671875,88.7050552368164,168.10000610351562
2022-12-15,371.8103942871094,88.83525085449219,165.35000610351562
2022-12-16,367.4207458496094,88.60335540771484,166.7899932861328
2022-12-19,364.30511474609375,88.0593490600586,166.32000732421875
2022-12-20,364.80364990234375,87.46180725097656,169.0800018310547
2022-12-21,370.25836181640625,87.70259857177734,168.8000030517578
2022-12-22,364.9761657714844,87.67586517333984,166.75999450683594
2022-12-23,367.07568359375,87.37263488769531,167.25999450683594
2022-12-27,365.62811279296875,86.73942565917969,168.6699981689453
2022-12-28,361.0841064453125,86.58781433105469,167.91000366210938
2022-12-29,367.583740234375,86.90887451171875,168.85000610351562
2022-12-30,366.6154479980469,86.4986343383789,169.63999938964844
2023-01-03,365.0720520019531,87.00695037841797,171.05999755859375
2023-01-04,367.8905029296875,87.48855590820312,172.6699981689453
2023-01-05,363.6916198730469,87.41722869873047,170.52000427246094
2023-01-06,372.03179931640625,88.37145233154297,173.7100067138672
2023-01-09,371.8208923339844,88.59442901611328,174.10000610351562
2023-01-10,374.4284973144531,88.25553894042969,174.74000549316406
2023-01-11,379.1642150878906,88.79955291748047,174.6199951171875
2023-01-12,380.54461669921875,89.44166564941406,176.63999938964844
2023-01-13,382.0209655761719,89.11170959472656,178.75999450683594
2023-01-17,381.3211364746094,88.95114135742188,177.58999633789062
2023-01-18,375.30084228515625,89.8340835571289,177.0800018310547
2023-01-19,372.5687255859375,89.62895965576172,179.88999938964844
2023-01-20,379.50927734375,89.26329040527344,179.2899932861328
2023-01-23,384.0628662109375,89.04036712646484,179.6300048828125
2023-01-24,383.65069580078125,89.4327621459961,180.27999877929688
2023-01-25,383.7944030761719,89.53976440429688,181.11000061035156
2023-01-26,388.012451171875,89.38819122314453,179.47000122070312
2023-01-27,388.904052734375,89.25440216064453,179.22000122070312
2023-01-30,384.02447509765625,89.0135726928711,178.75999450683594
2023-01-31,389.6709289550781,89.37925720214844,179.41000366210938
2023-02-01,393.8123474121094,90.00953674316406,181.6699981689453
2023-02-02,399.54498291015625,90.10787200927734,177.89999389648438
2023-02-03,395.2981872558594,89.24067687988281,173.4600067138672
2023-02-06,392.8824157714844,88.74899291992188,173.82000732421875
2023-02-07,398.02081298828125,88.59697723388672,173.97999572753906
2023-02-08,393.6684875488281,88.72215270996094,174.41000366210938
2023-02-09,390.2557067871094,88.37347412109375,173.02999877929688
2023-02-10,391.1664733886719,87.98906707763672,173.36000061035156
2023-02-13,395.7583923339844,88.25726318359375,172.47999572753906
2023-02-14,395.5762634277344,87.94436645507812,172.61000061035156
2023-02-15,396.8608093261719,87.77448272705078,170.88999938964844
2023-02-16,391.396484375,87.40797424316406,170.75
2023-02-17,390.4187316894531,87.61355590820312,171.25999450683594
2023-02-21,382.5865478515625,86.79108428955078,170.6199951171875
2023-02-22,382.0592956542969,87.02349090576172,169.66000366210938
2023-02-23,384.0916442871094,87.33641815185547,169.57000732421875
2023-02-24,379.9886169433594,86.83576202392578,168.35000610351562
2023-02-27,381.28277587890625,87.00565338134766,169.00999450683594
2023-02-28,379.8735046386719,86.9966812133789,169.77999877929688
2023-03-01,378.41644287109375,86.4984359741211,170.75999450683594
2023-03-02,381.3594665527344,86.3191909790039,170.66000366210938
2023-03-03,387.47564697265625,87.0002670288086,172.49000549316406
2023-03-06,387.74407958984375,86.78518676757812,171.6199951171875
2023-03-07,381.8004150390625,86.66868591308594,168.6199951171875
2023-03-08,382.4235534667969,86.5790786743164,168.5399932861328
2023-03-09,375.36785888671875,86.89273071289062,170.1999969482422
2023-03-10,369.95159912109375,87.90541076660156,173.8699951171875
2023-03-13,369.42431640625,88.60445404052734,177.86000061035156
2023-03-14,375.5309143066406,88.08467864990234,176.8300018310547
2023-03-15,373.18218994140625,88.96290588378906,178.2100067138672
2023-03-16,379.7297668457031,88.61339569091797,178.57000732421875
2023-03-17,375.2897033691406,89.16900634765625,183.77000427246094
2023-03-20,378.8983154296875,88.810546875,183.83999633789062
2023-03-21,383.8734436035156,88.54170227050781,180.3699951171875
2023-03-22,377.32977294921875,89.39307403564453,183.44000244140625
2023-03-23,378.349853515625,89.60813903808594,185.74000549316406
2023-03-24,380.83258056640625,89.76050567626953,183.64999389648438
2023-03-27,381.54473876953125,88.79264831542969,181.9499969482422
2023-03-28,380.688232421875,88.65821838378906,183.44000244140625
2023-03-29,386.22149658203125,88.7657470703125,182.52999877929688
2023-03-30,388.4829406738281,88.86433410644531,184.17999267578125
2023-03-31,393.9584655761719,89.29447174072266,183.22000122070312
2023-04-03,395.4595947265625,89.6825942993164,184.5399932861328
2023-04-04,393.2655944824219,90.01502990722656,187.97999572753906
2023-04-05,392.23590087890625,90.32048797607422,187.8300018310547
2023-04-06,393.7658996582031,90.2396469116211,186.49000549316406
2023-04-10,394.170166015625,89.6197280883789,185.11000061035156
2023-04-11,394.2760009765625,89.67362976074219,186.27999877929688
2023-04-12,392.6689453125,89.78144073486328,187.19000244140625
2023-04-13,397.8846435546875,89.74549102783203,189.72000122070312
2023-04-14,396.9127502441406,89.3052749633789,186.36000061035156
2023-04-17,398.3369140625,88.85603332519531,185.52999877929688
2023-04-18,398.59674072265625,88.98184967041016,186.25
2023-04-19,398.5294189453125,88.84707641601562,185.36000061035156
2023-04-20,396.3545837402344,89.25135040283203,186.08999633789062
2023-04-21,396.6624755859375,89.09861755371094,184.25
2023-04-24,397.0762634277344,89.44898986816406,184.80999755859375
2023-04-25,390.7732238769531,90.00603485107422,185.75
2023-04-26,389.11798095703125,89.67362976074219,184.74000549316406
2023-04-27,396.8645935058594,89.35018157958984,184.75
2023-04-28,400.2519226074219,89.80838012695312,184.8000030517578
2023-05-01,399.84771728515625,88.8888168334961,183.97000122070312
2023-05-02,395.3537902832031,89.75346374511719,187.52000427246094
2023-05-03,392.64007568359375,90.14974975585938,189.11000061035156
2023-05-04,389.8590393066406,90.04166412353516,190.44000244140625
2023-05-05,397.0762634277344,89.75346374511719,187.4600067138672
2023-05-08,397.1821594238281,89.2580795288086,187.69000244140625
2023-05-09,395.44036865234375,89.17703247070312,189.02000427246094
2023-05-10,397.2879943847656,89.75346374511719,188.75
2023-05-11,396.5951843261719,90.02366638183594,187.1300048828125
2023-05-12,396.0754699707031,89.519287109375,186.80999755859375
2023-05-15,397.4420166015625,89.29411315917969,187.2100067138672
2023-05-16,394.7860412597656,89.0869369506836,184.8699951171875
2023-05-17,399.57830810546875,88.95185089111328,184.22999572753906
2023-05-18,403.4275207519531,88.53753662109375,181.83999633789062
2023-05-19,402.840576171875,88.33936309814453,183.63999938964844
2023-05-22,403.0041809082031,88.25830841064453,183.2100067138672
2023-05-23,398.4813232421875,88.35738372802734,183.42999267578125
2023-05-24,395.5943603515625,88.1322021484375,181.9499969482422
2023-05-25,399.0201721191406,87.80797576904297,180.1999969482422
2023-05-26,404.1877746582031,87.88002014160156,180.9199981689453
2023-05-30,404.3417053222656,88.46549224853516,182.0399932861328
2023-05-31,402.0995788574219,88.78071594238281,182.32000732421875
2023-06-01,405.919921875,89.0498046875,183.75999450683594
2023-06-02,411.7899475097656,88.58021545410156,181.0500030517578
2023-06-05,411.0008850097656,88.5711898803711,182.13999938964844
2023-06-06,411.8958740234375,88.6795654296875,182.33999633789062
2023-06-07,410.4715881347656,88.2099838256836,180.14999389648438
2023-06-08,412.9543762207031,88.6795654296875,182.52999877929688
2023-06-09,413.6953125,88.47187805175781,182.0399932861328
2023-06-12,417.4483642578125,88.62538146972656,181.8800048828125
2023-06-13,420.2004699707031,88.2099838256836,180.5399932861328
2023-06-14,420.700927734375,88.29125213623047,180.63999938964844
2023-06-15,425.9166564941406,88.90531158447266,181.91000366210938
2023-06-16,424.4658203125,88.62538146972656,181.6300048828125
2023-06-20,422.263671875,88.7879409790039,179.75
2023-06-21,420.1000671386719,88.93241882324219,179.49000549316406
2023-06-22,421.6165466308594,88.47187805175781,177.7100067138672
2023-06-23,418.4291076660156,88.73374938964844,178.1999969482422
2023-06-26,416.7195129394531,88.84210968017578,178.50999450683594
2023-06-27,421.2881774902344,88.67053985595703,177.69000244140625
2023-06-28,421.5006408691406,88.93241882324219,177.27999877929688
2023-06-29,423.1619567871094,88.24610900878906,177.08999633789062
2023-06-30,428.155517578125,88.45380401611328,178.27000427246094
2023-07-03,428.6481018066406,88.34970092773438,178.47000122070312
2023-07-05,428.0106201171875,87.95130157470703,177.83999633789062
2023-07-06,424.65899658203125,87.38090515136719,177.30999755859375
2023-07-07,423.5869445800781,87.39900970458984,178.63999938964844
2023-07-10,424.65899658203125,87.64347076416016,178.77999877929688
2023-07-11,427.36346435546875,87.8335952758789,179.4499969482422
2023-07-12,430.8020324707031,88.54888153076172,181.8800048828125
2023-07-13,434.2212829589844,89.10115814208984,182.00999450683594
2023-07-14,433.95086669921875,88.67562866210938,181.42999267578125
2023-07-17,435.4575500488281,88.77521514892578,181.55999755859375
2023-07-18,438.69329833984375,88.84764862060547,183.63999938964844
2023-07-19,439.6688537597656,89.1192855834961,183.6699981689453
2023-07-20,436.7518310546875,88.65750885009766,182.74000549316406
2023-07-21,436.7518310546875,88.72090148925781,182.17999267578125
2023-07-24,438.7029724121094,88.55792999267578,181.39999389648438
2023-07-25,439.9006652832031,88.45833587646484,182.41000366210938
2023-07-26,439.9682922363281,88.74806213378906,183.3000030517578
2023-07-27,437.05133056640625,87.98750305175781,180.4199981689453
2023-07-28,441.3302001953125,88.3315658569336,181.86000061035156
2023-07-31,442.17041015625,88.44022369384766,182.35000610351562
2023-08-01,440.9051513671875,87.85465240478516,180.4600067138672
2023-08-02,434.7718811035156,87.64584350585938,179.60000610351562
2023-08-03,433.5258483886719,87.05572509765625,179.5399932861328
2023-08-04,431.5650939941406,87.77293395996094,180.19000244140625
2023-08-07,435.33197021484375,87.79109954833984,179.77999877929688
2023-08-08,433.4389343261719,87.9999008178711,178.63999938964844
2023-08-09,430.5412902832031,88.06346893310547,177.7899932861328
2023-08-10,430.69580078125,87.49149322509766,177.60000610351562
2023-08-11,430.4446105957031,87.2191390991211,177.60000610351562
2023-08-14,432.8207092285156,87.15560150146484,177.05999755859375
2023-08-15,427.7789001464844,86.91952514648438,176.58999633789062
2023-08-16,424.63970947265625,86.71073913574219,175.57000732421875
2023-08-17,421.404052734375,86.61993408203125,175.3000030517578
2023-08-18,421.60687255859375,86.81057739257812,175.3300018310547
2023-08-21,424.3500061035156,86.37482452392578,175.80999755859375
2023-08-22,423.2005310058594,86.46556091308594,176.10000610351562
2023-08-23,427.9140319824219,87.29175567626953,177.88999938964844
2023-08-24,421.9835205078125,87.09202575683594,177.85000610351562
2023-08-25,424.9584655761719,87.0375747680664,177.6199951171875
2023-08-28,427.65325927734375,87.22819519042969,178.1300048828125
2023-08-29,433.8348693847656,87.79109954833984,179.8699951171875
2023-08-30,435.621826171875,87.7547836303711,180.32000732421875
2023-08-31,434.9843444824219,87.88187408447266,180.02000427246094
2023-09-01,435.795654296875,87.42671966552734,180.11000061035156
2023-09-05,433.9120788574219,86.95333862304688,178.63999938964844
2023-09-06,430.9952392578125,86.8714370727539,177.8300018310547
2023-09-07,429.6719055175781,87.14452362060547,178.02000427246094
2023-09-08,430.319091796875,87.19004821777344,178.0800018310547
2023-09-11,433.14910888671875,87.08992004394531,178.41000366210938
2023-09-12,430.7730712890625,87.11720275878906,177.49000549316406
2023-09-13,431.27532958984375,87.24466705322266,177.0800018310547
2023-09-14,434.99395751953125,87.12630462646484,177.1699981689453
2023-09-15,429.7530212402344,86.92605590820312,178.33999633789062
2023-09-18,430.0050354003906,87.05349731445312,179.38999938964844
2023-09-19,429.1132507324219,86.79859924316406,179.22000122070312
2023-09-20,425.1683044433594,86.7530746459961,179.35000610351562
2023-09-21,418.1409912109375,86.1613998413086,178.0500030517578
2023-09-22,417.2008056640625,86.52550506591797,178.6199951171875
2023-09-25,418.95513916015625,85.8427734375,177.6999969482422
2023-09-26,412.8001708984375,85.7335433959961,176.27999877929688
2023-09-27,412.9649353027344,85.43312072753906,174.10000610351562
2023-09-28,415.3590393066406,85.68799591064453,173.22999572753906
2023-09-29,414.3510437011719,85.6061019897461,171.4499969482422
2023-10-02,414.1862487792969,85.01004028320312,169.64999389648438
2023-10-03,408.6419677734375,84.34366607666016,169.16000366210938
2023-10-04,411.6176452636719,84.93699645996094,169.13999938964844
2023-10-05,411.46258544921875,84.99178314208984,168.8300018310547
2023-10-06,416.3478088378906,84.66316986083984,169.6999969482422
2023-10-09,419.0133361816406,85.53945922851562,172.82000732421875
2023-10-10,421.1941833496094,85.45730590820312,172.52999877929688
2023-10-11,422.9195556640625,85.84981536865234,173.7899932861328
2023-10-12,420.3412170410156,85.11043548583984,173.25999450683594
2023-10-13,418.24755859375,85.47557830810547,178.8300018310547
2023-10-16,422.64813232421875,85.00090789794922,177.9600067138672
2023-10-17,422.6287536621094,84.38932037353516,178.2899932861328
2023-10-18,416.99713134765625,83.9968032836914,180.8699951171875
2023-10-19,413.3332824707031,83.67733001708984,183.08999633789062
2023-10-20,408.2542724609375,83.9785385131836,183.58999633789062
2023-10-23,407.546630859375,84.30714416503906,182.97000122070312
2023-10-24,410.6192932128906,84.60839080810547,182.9499969482422
2023-10-25,404.72601318359375,83.9785385131836,183.72000122070312
2023-10-26,399.8796081542969,84.54450225830078,184.00999450683594
2023-10-27,398.0670166015625,84.51712799072266,186.14999389648438
2023-10-30,402.8262023925781,84.31629180908203,185.10000610351562
2023-10-31,405.3560485839844,84.26152801513672,184.08999633789062
2023-11-01,409.6791076660156,85.19264221191406,183.50999450683594
2023-11-02,417.5303039550781,85.70536804199219,184.1199951171875
2023-11-03,421.339599609375,86.22724151611328,184.7899932861328
2023-11-06,422.308837890625,85.79692077636719,183.35000610351562
2023-11-07,423.5108337402344,86.25468444824219,182.58999633789062
2023-11-08,423.8209533691406,86.54766082763672,180.77000427246094
2023-11-09,420.51568603515625,85.82437133789062,181.49000549316406
2023-11-10,427.0777587890625,86.02581024169922,179.50999450683594
2023-11-13,426.6706848144531,86.01665496826172,180.50999450683594
2023-11-14,434.9483947753906,87.09701538085938,182.1199951171875
2023-11-15,435.8691711425781,86.55682373046875,181.63999938964844
2023-11-16,436.4023742675781,87.03290557861328,183.69000244140625
2023-11-17,436.9451904296875,87.20686340332031,183.6699981689453
2023-11-20,440.3085632324219,87.34420776367188,183.3699951171875
2023-11-21,439.34893798828125,87.4357681274414,185.35000610351562
2023-11-22,441.0451354980469,87.51814270019531,184.55999755859375
2023-11-24,441.3166198730469,87.11532592773438,185.52000427246094
2023-11-27,440.52178955078125,87.6097183227539,186.77000427246094
2023-11-28,440.95794677734375,87.99421691894531,189.25999450683594
2023-11-29,440.6477966308594,88.424560546875,189.5399932861328
2023-11-30,442.3827819824219,88.13159942626953,188.75
2023-12-01,444.99993896484375,88.90653228759766,192.00999450683594
2023-12-04,442.6639404296875,88.56680297851562,187.86000061035156
2023-12-05,442.5766296386719,89.1543960571289,187.14999389648438
2023-12-06,440.793212890625,89.38397979736328,187.83999633789062
2023-12-07,444.1566467285156,89.4115219116211,188.14999389648438
2023-12-08,446.066162109375,88.96161651611328,185.63999938964844
2023-12-11,447.8011169433594,88.97079467773438,183.58999633789062
2023-12-12,449.8463134765625,89.237060546875,183.49000549316406
2023-12-13,456.0498046875,90.35723876953125,187.6300048828125
2023-12-14,457.5134582519531,91.08650207519531,188.72999572753906
2023-12-15,456.7601318359375,90.87472534179688,187.0
2023-12-18,459.3294982910156,90.69058227539062,187.85000610351562
2023-12-19,462.12255859375,90.8010482788086,189.1300048828125
2023-12-20,455.71881103515625,91.13256072998047,188.10000610351562
2023-12-21,460.0398864746094,91.12334442138672,189.42999267578125
2023-12-22,460.9644470214844,91.00364685058594,190.27000427246094
2023-12-26,462.9109191894531,91.18779754638672,191.72000122070312
2023-12-27,463.747802734375,91.7679214477539,192.58999633789062
2023-12-28,463.92303466796875,91.56534576416016,191.47000122070312
2023-12-29,462.5799865722656,91.39036560058594,191.1699981689453
2024-01-02,459.9912109375,90.95761108398438,190.72000122070312
2024-01-03,456.234619140625,91.00364685058594,189.1300048828125
2024-01-04,454.7649841308594,90.63532257080078,189.32000732421875
2024-01-05,455.38787841796875,90.42353057861328,189.35000610351562
2024-01-08,461.88897705078125,90.76422119140625,187.8699951171875
2024-01-09,461.1883239746094,90.74583435058594,187.92999267578125
2024-01-10,463.79644775390625,90.57086944580078,187.5
2024-01-11,463.5921325683594,91.08650207519531,187.8699951171875
2024-01-12,463.9132995605469,91.25225067138672,189.7100067138672
2024-01-16,462.2100830078125,90.57086944580078,187.91000366210938
2024-01-17,459.640869140625,90.32223510742188,185.83999633789062
2024-01-18,463.7283630371094,90.23936462402344,187.3699951171875
2024-01-19,469.50927734375,90.2577896118164,187.92999267578125
2024-01-22,470.5019836425781,90.42353057861328,187.22000122070312
2024-01-23,471.8741760253906,90.20254516601562,187.9499969482422
2024-01-24,472.3900451660156,89.99996185302734,186.39999389648438
2024-01-25,474.95928955078125,90.40512084960938,187.13999938964844
2024-01-26,474.35589599609375,90.30384063720703,187.00999450683594
2024-01-29,478.1125183105469,90.6629638671875,188.3300018310547
2024-01-30,477.74267578125,90.83790588378906,188.58999633789062
2024-01-31,469.9472351074219,91.25225067138672,188.4499969482422
2024-02-01,476.0979919433594,91.77222442626953,190.41000366210938
2024-02-02,481.1099853515625,90.93180084228516,188.61000061035156
2024-02-05,479.35821533203125,90.18373107910156,187.57000732421875
2024-02-06,480.75,90.65471649169922,188.5500030517578
2024-02-07,484.7596435546875,90.47001647949219,188.5
2024-02-08,484.9737243652344,90.19294738769531,188.3300018310547
2024-02-09,487.7765808105469,90.16524505615234,187.60000610351562
2024-02-12,487.5624694824219,90.18373107910156,187.11000061035156
2024-02-13,480.84722900390625,89.35254669189453,184.52999877929688
2024-02-14,485.217041015625,89.74966430664062,184.4199981689453
2024-02-15,488.5649108886719,89.96206665039062,185.66000366210938
2024-02-16,486.1318054199219,89.67578125,186.33999633789062
2024-02-20,483.4555358886719,89.7588882446289,187.47000122070312
2024-02-21,483.8934326171875,89.49108123779297,187.47999572753906
2024-02-22,493.9078369140625,89.56494140625,187.55999755859375
2024-02-23,494.24847412109375,89.89741516113281,188.6199951171875
2024-02-26,492.438232421875,89.70347595214844,188.1999969482422
2024-02-27,493.3531188964844,89.58341979980469,188.0
2024-02-28,492.7010498046875,89.7588882446289,188.33999633789062
2024-02-29,494.4722900390625,89.90666198730469,189.30999755859375
2024-03-01,499.11456298828125,90.33829498291016,192.88999938964844
2024-03-04,498.5792541503906,90.11599731445312,196.00999450683594
2024-03-05,493.5963439941406,90.60691833496094,197.19000244140625
2024-03-06,496.09759521484375,90.74588012695312,198.80999755859375
2024-03-07,501.0220642089844,90.94036102294922,199.94000244140625
2024-03-08,498.0148010253906,91.02375793457031,201.6300048828125
2024-03-11,497.5865783691406,90.92183685302734,202.0
2024-03-12,502.9393310546875,90.6903076171875,199.7899932861328
2024-03-13,502.15093994140625,90.52356719970703,201.19000244140625
2024-03-14,501.1582946777344,89.94926452636719,200.35000610351562
2024-03-15,497.7170715332031,89.94001770019531,199.7100067138672
2024-03-18,500.6750793457031,89.84737396240234,200.02999877929688
2024-03-19,503.45733642578125,90.06968688964844,199.8000030517578
2024-03-20,508.1139831542969,90.25494384765625,202.17999267578125
2024-03-21,509.7931823730469,90.31977081298828,201.97000122070312
2024-03-22,508.82672119140625,90.60691833496094,200.35000610351562
2024-03-25,507.4209289550781,90.44017791748047,200.99000549316406
2024-03-26,506.4836730957031,90.53282165527344,201.63999938964844
2024-03-27,510.7401123046875,90.82921600341797,203.10000610351562
2024-03-28,510.64251708984375,90.71807861328125,205.72000122070312
2024-04-01,509.7540588378906,90.0584716796875,207.82000732421875
2024-04-02,506.5130920410156,89.99343872070312,210.88999938964844
2024-04-03,507.0694885253906,90.0491714477539,212.74000549316406
2024-04-04,500.8800964355469,90.26286315917969,211.52000427246094
2024-04-05,506.1126708984375,89.81692504882812,215.13999938964844
2024-04-08,506.3958435058594,89.73331451416016,216.47999572753906
2024-04-09,506.9815368652344,90.03987884521484,217.6699981689453
2024-04-10,501.90509033203125,88.96222686767578,215.61000061035156
2024-04-11,505.6929931640625,88.9808120727539,219.8000030517578
2024-04-12,498.7128601074219,89.1480484008789,216.88999938964844
2024-04-15,492.46490478515625,88.60920715332031,220.9499969482422
2024-04-16,491.5667419433594,88.3583755493164,221.22000122070312
2024-04-17,488.6575622558594,88.76713562011719,219.58999633789062
2024-04-18,487.6519775390625,88.51629638671875,220.33999633789062
2024-04-19,483.3956604003906,88.60920715332031,221.02999877929688
2024-04-22,487.8472595214844,88.66496276855469,215.57000732421875
2024-04-23,493.63641357421875,88.85075378417969,215.0399932861328
2024-04-24,493.402099609375,88.6185073852539,214.63999938964844
2024-04-25,491.5277099609375,88.36766815185547,215.9199981689453
2024-04-26,496.18438720703125,88.56273651123047,216.6199951171875
2024-04-29,497.9416198730469,88.83218383789062,216.17999267578125
2024-04-30,490.0535888671875,88.4698715209961,211.8699951171875
2024-05-01,488.4623107910156,88.78202056884766,213.7899932861328
2024-05-02,493.03106689453125,89.18274688720703,213.1300048828125
2024-05-03,499.14239501953125,89.6393814086914,212.9600067138672
2024-05-06,504.2969055175781,89.70462799072266,215.1999969482422
2024-05-07,504.85345458984375,89.8910140991211,214.2100067138672
2024-05-08,504.9021911621094,89.70462799072266,213.5800018310547
2024-05-09,507.8113708496094,89.87236022949219,216.9499969482422
2024-05-10,508.4654541015625,89.68598175048828,218.7100067138672
2024-05-13,508.5338439941406,89.73258972167969,216.25999450683594
2024-05-14,510.86700439453125,89.97488403320312,218.08999633789062
2024-05-15,517.193115234375,90.57128143310547,220.88999938964844
2024-05-16,516.1290283203125,90.4687728881836,220.02999877929688
2024-05-17,516.8709106445312,90.17990112304688,223.66000366210938
2024-05-20,517.4664916992188,90.09602355957031,224.55999755859375
2024-05-21,518.735595703125,90.26376342773438,224.22999572753906
2024-05-22,517.2418212890625,90.1519546508789,220.11000061035156
2024-05-23,513.4638671875,89.90031433105469,215.72000122070312
2024-05-24,516.861328125,90.00283813476562,215.9199981689453
2024-05-28,517.2222900390625,89.58345794677734,218.19000244140625
2024-05-29,513.6004638671875,89.2386703491211,216.16000366210938
2024-05-30,510.1933898925781,89.65801239013672,216.57000732421875
2024-05-31,514.84033203125,89.9469223022461,215.3000030517578
2024-06-03,515.2601318359375,90.4909896850586,217.22000122070312
2024-06-04,515.8361206054688,90.81816101074219,215.27000427246094
2024-06-05,521.9668579101562,91.09861755371094,217.82000732421875
2024-06-06,521.9570922851562,91.12666320800781,219.42999267578125
2024-06-07,521.3225708007812,90.32272338867188,211.60000610351562
2024-06-10,522.9332885742188,90.2479248046875,213.5399932861328
2024-06-11,524.1926879882812,90.55643463134766,214.14999389648438
2024-06-12,528.4979248046875,90.98643493652344,214.72000122070312
2024-06-13,529.5620727539062,91.44449615478516,212.97000122070312
2024-06-14,529.88427734375,91.53797912597656,215.72999572753906
2024-06-17,534.1016235351562,91.2107925415039,214.61000061035156
2024-06-18,535.4586181640625,91.53797912597656,215.47000122070312
2024-06-20,534.00390625,91.37908935546875,218.16000366210938
2024-06-21,533.2880249023438,91.38842010498047,214.77999877929688
2024-06-24,531.554443359375,91.46321105957031,215.6300048828125
2024-06-25,533.6014404296875,91.45384979248047,214.55999755859375
2024-06-26,534.2675170898438,91.04252624511719,212.5800018310547
2024-06-27,535.109619140625,91.19210815429688,214.99000549316406
2024-06-28,533.0040283203125,90.743408203125,215.00999450683594
2024-07-01,534.1009521484375,90.25669860839844,215.57000732421875
2024-07-02,537.6953735351562,90.55679321289062,215.55999755859375
2024-07-03,540.0947875976562,91.04439544677734,217.99000549316406
2024-07-05,543.2091674804688,91.50389099121094,220.92999267578125
2024-07-08,543.836181640625,91.53203582763672,218.19000244140625
2024-07-09,544.364990234375,91.44762420654297,218.55999755859375
2024-07-10,549.7516479492188,91.54139709472656,219.36000061035156
2024-07-11,545.0112915039062,92.01026916503906,223.25
2024-07-12,548.4490356445312,92.26345825195312,223.11000061035156
2024-07-15,549.957275390625,91.9446029663086,223.8300018310547
2024-07-16,553.2185668945312,92.31971740722656,228.2899932861328
2024-07-17,545.4618530273438,92.3853530883789,227.22999572753906
2024-07-18,541.2700805664062,92.13217163085938,225.77999877929688
2024-07-19,537.6757202148438,91.9446029663086,221.72999572753906
2024-07-22,543.2191772460938,91.9071273803711,221.8000030517578
2024-07-23,542.3670654296875,91.89775085449219,222.5800018310547
2024-07-24,530.0756225585938,91.61641693115234,221.8000030517578
2024-07-25,527.3137817382812,91.86962890625,218.3300018310547
2024-07-26,533.2194213867188,92.19781494140625,220.6300048828125
2024-07-29,533.532958984375,92.34784698486328,220.32000732421875
2024-07-30,530.8297729492188,92.4416275024414,222.52000427246094
2024-07-31,539.4581298828125,92.93861389160156,226.5500030517578
2024-08-01,531.8189697265625,93.32804870605469,225.77000427246094
2024-08-02,521.9172973632812,94.37212371826172,225.33999633789062
2024-08-05,506.7171630859375,94.29686737060547,222.47999572753906
2024-08-06,511.3888854980469,93.73250579833984,220.6999969482422
2024-08-07,507.9707336425781,93.45032501220703,220.5500030517578
2024-08-08,519.7137451171875,93.30921173095703,224.00999450683594
2024-08-09,522.0054321289062,93.6384506225586,224.55999755859375
2024-08-12,522.2796630859375,93.79833984375,228.41000366210938
2024-08-13,530.8689575195312,94.17457580566406,228.05999755859375
2024-08-14,532.5436401367188,94.34390258789062,226.1999969482422
2024-08-15,541.671630859375,93.94883728027344,226.91000366210938
2024-08-16,542.8860473632812,94.17457580566406,231.99000549316406
2024-08-19,548.0767822265625,94.27808380126953,231.61000061035156
2024-08-20,547.1856079101562,94.56024932861328,232.4600067138672
2024-08-21,549.06591796875,94.73897552490234,232.14999389648438
2024-08-22,544.7567749023438,94.35330200195312,229.3699951171875
2024-08-23,550.544921875,94.78599548339844,232.02000427246094
2024-08-26,549.2324829101562,94.70133209228516,232.75999450683594
2024-08-27,549.9866333007812,94.72956085205078,233.38999938964844
2024-08-28,546.7938842773438,94.64490509033203,231.75
2024-08-29,546.8427734375,94.52262115478516,232.9499969482422
2024-08-30,552.0629272460938,94.29686737060547,231.2899932861328
2024-09-03,540.7020263671875,94.69505310058594,230.2899932861328
2024-09-04,539.5953369140625,95.1102066040039,230.42999267578125
2024-09-05,538.2830200195312,95.35553741455078,232.35000610351562
2024-09-06,529.2235107421875,95.47820281982422,230.6300048828125
2024-09-09,535.1488037109375,95.61973571777344,231.60000610351562
2024-09-10,537.479736328125,95.9122314453125,232.6199951171875
2024-09-11,542.9937744140625,95.88394165039062,232.25
2024-09-12,547.5675659179688,95.79901885986328,236.3300018310547
2024-09-13,550.4274291992188,95.99716186523438,238.67999267578125
2024-09-16,551.2402954101562,96.22361755371094,238.66000366210938
2024-09-17,551.465576171875,96.12924194335938,237.33999633789062
2024-09-18,549.830078125,95.82732391357422,235.50999450683594
2024-09-19,559.2125244140625,95.83675384521484,239.1699981689453
2024-09-20,558.2457885742188,95.75181579589844,242.2100067138672
2024-09-23,559.6408081054688,95.71409606933594,242.67999267578125
2024-09-24,561.2421264648438,95.84617614746094,246.07000732421875
2024-09-25,560.0042114257812,95.47820281982422,245.72999572753906
2024-09-26,562.2244873046875,95.49707794189453,246.97999572753906
2024-09-27,561.4091186523438,95.77070617675781,245.02000427246094
2024-09-30,563.6588745117188,95.55367279052734,243.05999755859375
2024-10-01,558.6092529296875,95.80638122558594,245.61000061035156
2024-10-02,558.8450927734375,95.60763549804688,245.66000366210938
2024-10-03,557.823486328125,95.2196044921875,245.49000549316406
2024-10-04,562.892578125,94.60441589355469,245.0
2024-10-07,557.8037719726562,94.28265380859375,244.1699981689453
2024-10-08,563.0792236328125,94.44355010986328,242.3699951171875
2024-10-09,566.9793090820312,94.19746398925781,241.0500030517578
2024-10-10,565.987060546875,94.14066314697266,242.82000732421875
2024-10-11,569.3762817382812,94.1690673828125,245.47000122070312
2024-10-14,574.0328979492188,94.08389282226562,245.07000732421875
2024-10-15,569.5728759765625,94.46245574951172,245.9199981689453
2024-10-16,572.0484619140625,94.58550262451172,247.14999389648438
2024-10-17,572.0975341796875,94.1217269897461,248.6300048828125
2024-10-18,574.2982177734375,94.18798828125,251.27000427246094
2024-10-21,573.3550415039062,93.53496551513672,251.22000122070312
2024-10-22,573.0504760742188,93.55388641357422,253.92999267578125
2024-10-23,567.8142700195312,93.31727600097656,250.8699951171875
2024-10-24,569.0423583984375,93.49710083007812,252.8000030517578
2024-10-25,568.8458251953125,93.30781555175781,253.32000732421875
2024-10-28,570.6043701171875,93.15641021728516,253.3300018310547
2024-10-29,571.5277709960938,93.260498046875,256.0899963378906
2024-10-30,569.7988891601562,93.1658706665039,257.5
2024-10-31,558.6289672851562,93.14694213867188,253.50999450683594
2024-11-01,560.9866333007812,92.77667236328125,252.47000122070312
2024-11-04,559.7782592773438,93.16590881347656,252.8300018310547
2024-11-05,566.5470581054688,93.3843002319336,253.39999389648438
2024-11-06,580.6345825195312,92.65322875976562,245.6999969482422
2024-11-07,585.1241455078125,93.35580444335938,249.64999389648438
2024-11-08,587.65869140625,93.5172119140625,247.9600067138672
2024-11-11,588.2188110351562,93.30831909179688,242.13999938964844
2024-11-12,586.3915405273438,92.76716613769531,240.0500030517578
2024-11-13,586.6763916015625,92.7481689453125,237.6300048828125
2024-11-14,582.9038696289062,92.71019744873047,237.00999450683594
2024-11-15,575.437744140625,92.71968078613281,236.58999633789062
2024-11-18,577.7954711914062,92.8051528930664,241.08999633789062
2024-11-19,579.9075927734375,92.93804931640625,243.25
2024-11-20,580.1041259765625,92.8431167602539,244.6199951171875
2024-11-21,583.2183227539062,92.7956314086914,246.66000366210938
2024-11-22,585.0259399414062,92.86210632324219,249.83999633789062
2024-11-25,587.0103149414062,93.6976089477539,242.47999572753906
2024-11-26,590.0753784179688,93.55517578125,242.9499969482422
2024-11-27,588.2874145507812,93.81150817871094,243.49000549316406
2024-11-29,591.94189453125,94.18180084228516,245.58999633789062
2024-12-02,593.0029907226562,94.19322967529297,243.44000244140625
2024-12-03,593.2779541015625,94.01226043701172,243.92999267578125
2024-12-04,596.9619140625,94.31703186035156,244.6699981689453
2024-12-05,595.9795532226562,94.33609008789062,242.86000061035156
2024-12-06,597.1094360351562,94.60275268554688,242.9499969482422
2024-12-09,594.034423828125,94.3265609741211,245.36000061035156
2024-12-10,592.1875610351562,94.21226501464844,248.58999633789062
2024-12-11,596.7655029296875,93.99321746826172,250.9600067138672
2024-12-12,593.6906127929688,93.61225128173828,247.27999877929688
2024-12-13,593.57275390625,93.25985717773438,244.2899932861328
2024-12-16,596.1072998046875,93.3455810546875,244.8800048828125
2024-12-17,593.6513061523438,93.3455810546875,243.94000244140625
2024-12-18,575.9584350585938,92.63468933105469,239.25999450683594
2024-12-19,575.781494140625,92.39581298828125,239.60000610351562
2024-12-20,582.6972045898438,92.64423370361328,242.10000610351562
2024-12-23,586.1866455078125,92.35760498046875,240.9600067138672
2024-12-24,592.7020874023438,92.46269226074219,241.44000244140625
2024-12-26,592.7415771484375,92.52957916259766,243.07000732421875
2024-12-27,586.5020141601562,92.3385009765625,241.39999389648438
2024-12-30,579.80908203125,92.7015609741211,240.6300048828125
2024-12-31,577.6997680664062,92.58692169189453,242.1300048828125
2025-01-02,576.2803955078125,92.5964584350586,245.4199981689453
2025-01-03,583.4857788085938,92.50092315673828,243.49000549316406
2025-01-06,586.8469848632812,92.4053726196289,243.19000244140625
2025-01-07,580.2132568359375,92.08050537109375,244.55999755859375
2025-01-08,581.0609741210938,92.18560791015625,245.86000061035156
2025-01-10,572.189697265625,91.66964721679688,248.2100067138672
2025-01-13,573.0768432617188,91.58364868164062,245.74000549316406
2025-01-14,573.8654174804688,91.61231231689453,247.02999877929688
2025-01-15,584.303955078125,92.4053726196289,248.8800048828125
2025-01-16,583.1802368164062,92.60601806640625,250.60000610351562
2025-01-17,589.035400390625,92.60601806640625,249.27000427246094
2025-01-21,594.4270629882812,92.91177368164062,253.1300048828125
2025-01-22,597.7686767578125,92.69200134277344,254.42999267578125
2025-01-23,601.0313110351562,92.53912353515625,254.07000732421875
2025-01-24,599.2767333984375,92.69200134277344,255.64999389648438
2025-01-27,590.7996826171875,93.20796966552734,252.99000549316406
2025-01-28,595.8760375976562,93.17931365966797,255.17999267578125
2025-01-29,593.204833984375,93.12199401855469,254.1999969482422
2025-01-30,596.3885498046875,93.2557601928711,258.04998779296875
2025-01-31,593.2146606445312,93.06464385986328,258.55999755859375
2025-02-03,589.22265625,93.15283966064453,259.94000244140625
2025-02-04,593.1752319335938,93.32540130615234,262.5
2025-02-05,595.580322265625,93.82392120361328,264.1300048828125
2025-02-06,597.6503295898438,93.72804260253906,263.42999267578125
2025-02-07,592.1797485351562,93.43087005615234,263.8999938964844
2025-02-10,596.2013549804688,93.45963287353516,268.3699951171875
2025-02-11,596.6547241210938,93.24871826171875,267.3900146484375
2025-02-12,594.7326049804688,92.75981140136719,267.6700134277344
2025-02-13,601.0115966796875,93.31583404541016,270.30999755859375
2025-02-14,600.9819946289062,93.66092681884766,266.2900085449219
2025-02-18,602.7463989257812,93.28705596923828,270.70001220703125
2025-02-19,604.165771484375,93.42127227783203,270.8500061035156
2025-02-20,601.65234375,93.5650863647461,270.989990234375
2025-02-21,591.3616333007812,93.96769714355469,270.739990234375
2025-02-24,588.670654296875,94.13068389892578,272.2099914550781
2025-02-25,585.7430419921875,94.71546173095703,268.6199951171875
2025-02-26,586.0387573242188,94.86885070800781,269.0299987792969
2025-02-27,576.6843872070312,94.72504425048828,264.92999267578125
2025-02-28,585.6838989257812,95.14686584472656,263.2699890136719
2025-03-03,575.4227905273438,95.35265350341797,266.739990234375
2025-03-04,568.611572265625,95.11225891113281,269.05999755859375
2025-03-05,574.7229614257812,94.78531646728516,269.6199951171875
2025-03-06,564.5209350585938,94.68915557861328,268.25
2025-03-07,567.6849975585938,94.5737533569336,268.3900146484375
2025-03-10,552.5643920898438,95.02570343017578,266.0400085449219
2025-03-11,547.9708862304688,94.68915557861328,269.1600036621094
2025-03-12,550.8788452148438,94.41027069091797,270.3299865722656
2025-03-13,543.5352783203125,94.69876098632812,275.1300048828125
2025-03-14,554.7625122070312,94.50642395019531,275.239990234375
2025-03-17,559.0404052734375,94.63143920898438,276.7300109863281
2025-03-18,552.9981079101562,94.72760772705078,279.9599914550781
2025-03-19,559.0206909179688,95.0064697265625,281.1099853515625
2025-03-20,557.4041748046875,95.06416320800781,280.75
2025-03-21,557.5880126953125,94.94877624511719,278.489990234375
2025-03-24,567.5736083984375,94.58338165283203,277.25
2025-03-25,568.93798828125,94.66991424560547,278.4700012207031
2025-03-26,562.1458129882812,94.43914031982422,278.239990234375
2025-03-27,560.6529541015625,94.39104461669922,281.9700012207031
2025-03-28,549.3623657226562,94.93916320800781,284.05999755859375
2025-03-31,553.0501098632812,95.12185668945312,288.1400146484375
2025-04-01,554.6121826171875,95.47400665283203,287.57000732421875
2025-04-02,558.1219482421875,95.36786651611328,288.1600036621094
2025-04-03,530.6173095703125,95.86956787109375,286.4200134277344
2025-04-04,499.5533447265625,95.9563980102539,279.7200012207031
2025-04-07,498.6635437011719,94.74078369140625,273.7099914550781
2025-04-08,490.8531188964844,94.24874114990234,275.20001220703125
2025-04-09,542.4021606445312,94.46099090576172,285.3800048828125
2025-04-10,518.6346435546875,93.71810913085938,292.3500061035156
2025-04-11,527.8884887695312,93.62164306640625,297.92999267578125
2025-04-14,533.0098266601562,94.17156982421875,296.2300109863281
2025-04-15,531.5169067382812,94.3645248413086,297.7799987792969
2025-04-16,519.7022705078125,94.66358947753906,307.4700012207031
2025-04-17,520.44384765625,94.42240905761719,306.1199951171875
2025-04-21,508.0558776855469,93.8531723022461,315.5899963378906
2025-04-22,521.2743530273438,94.02684783935547,311.1099853515625
2025-04-23,529.3516845703125,94.25839233398438,303.6499938964844
2025-04-24,540.4940185546875,94.77936553955078,308.07000732421875
2025-04-25,544.3992919921875,95.12667846679688,304.7300109863281
2025-04-28,544.6068115234375,95.38717651367188,309.07000732421875
2025-04-29,548.0375366210938,95.61872100830078,306.05999755859375
2025-04-30,548.2550659179688,95.53187561035156,303.7699890136719
2025-05-01,552.1404418945312,95.27153015136719,297.4599914550781
2025-05-02,560.3365478515625,94.80693054199219,297.9800109863281
2025-05-05,557.1234130859375,94.64238739013672,306.8800048828125
2025-05-06,552.4667358398438,94.87467193603516,315.4800109863281
2025-05-07,554.7901611328125,95.01985931396484,310.75
2025-05-08,558.6558227539062,94.52622985839844,304.6300048828125
2025-05-09,557.9439697265625,94.62301635742188,306.8399963378906
2025-05-12,576.382568359375,94.30362701416016,298.19000244140625
2025-05-13,580.18896484375,94.20682525634766,299.4599914550781
2025-05-14,580.9304809570312,93.93580627441406,293.1600036621094
2025-05-15,583.7680053710938,94.46814727783203,297.8399963378906
2025-05-16,587.4655151367188,94.52622985839844,294.239990234375
2025-05-19,588.108154296875,94.49718475341797,298.0299987792969
2025-05-20,586.1307983398438,94.3326416015625,303.5799865722656
2025-05-21,576.2540893554688,93.71318817138672,305.82000732421875
2025-05-22,576.4815063476562,93.98419952392578,303.1099853515625
2025-05-23,572.5465087890625,94.11971282958984,309.75
2025-05-27,584.4500732421875,94.54558563232422,304.5
2025-05-28,581.0689086914062,94.37137603759766,303.80999755859375
2025-05-29,583.362548828125,94.71981811523438,305.6099853515625
2025-05-30,582.7100830078125,94.95211029052734,303.6000061035156
2025-06-02,585.992431640625,94.70254516601562,311.6700134277344
2025-06-03,589.3341064453125,94.63455200195312,308.9100036621094
2025-06-04,589.1759643554688,95.19779205322266,310.8999938964844
2025-06-05,586.3285522460938,94.95503234863281,309.3299865722656
2025-06-06,592.349609375,94.46946716308594,305.17999267578125
2025-06-09,592.8834228515625,94.58600616455078,306.6199951171875
2025-06-10,596.2449951171875,94.79964447021484,306.7099914550781
2025-06-11,594.5443725585938,95.12010955810547,308.3699951171875
2025-06-12,596.9073486328125,95.46971130371094,312.20001220703125
2025-06-13,590.23388671875,95.12982177734375,316.2900085449219
2025-06-16,595.8494262695312,94.93559265136719,311.7799987792969
2025-06-17,590.7578125,95.22693634033203,311.94000244140625
2025-06-18,590.6688232421875,95.29491424560547,310.260009765625
2025-06-20,589.2816162109375,95.3823013305664,310.1300048828125
2025-06-23,595.1021728515625,95.57653045654297,311.0799865722656
2025-06-24,601.676513671875,95.96497344970703,306.19000244140625
2025-06-25,602.0135498046875,95.95526123046875,307.1199951171875
2025-06-26,606.7236328125,96.21746826171875,306.7799987792969
2025-06-27,609.7380981445312,95.94554901123047,301.2200012207031
2025-06-30,612.6533203125,96.33399963378906,304.8299865722656
2025-07-01,612.455078125,96.24534606933594,307.54998779296875
2025-07-02,615.2315063476562,96.12843322753906,309.25
2025-07-03,620.0803833007812,95.93359375,307.1400146484375
2025-07-07,615.4595336914062,95.59259033203125,307.3699951171875
2025-07-08,615.1224365234375,95.55362701416016,304.1600036621094
2025-07-09,618.8110961914062,95.95306396484375,305.5199890136719
2025-07-10,620.5563354492188,95.9238510131836,306.20001220703125
2025-07-11,618.3748168945312,95.5243911743164,309.1400146484375
2025-07-14,619.5548095703125,95.5146713256836,308.010009765625
2025-07-15,616.9072875976562,95.23213958740234,306.7300109863281
2025-07-16,618.9697265625,95.36852264404297,308.260009765625
2025-07-17,622.7576293945312,95.40750122070312,307.5899963378906
2025-07-18,622.301513671875,95.58285522460938,308.3900146484375
2025-07-21,623.4815063476562,95.84590148925781,313.1300048828125
2025-07-22,623.5706787109375,96.031005859375,316.1000061035156
2025-07-23,628.8757934570312,95.81666564941406,312.17999267578125
2025-07-24,629.083984375,95.75822448730469,310.2699890136719
2025-07-25,631.741455078125,95.91410064697266,307.3999938964844
2025-07-28,631.582763671875,95.78744506835938,305.4100036621094
2025-07-29,629.9169311523438,96.30379486083984,306.25
2025-07-30,629.1236572265625,96.031005859375,300.9599914550781
2025-07-31,626.763671875,96.07972717285156,302.9599914550781
2025-08-01,616.4907836914062,96.91061401367188,309.1099853515625
2025-08-04,625.8612670898438,96.98880004882812,310.9100036621094
2025-08-05,622.6881713867188,97.01813507080078,311.1600036621094
2025-08-06,627.4578247070312,96.97903442382812,310.5
2025-08-07,626.9322509765625,96.90084075927734,313.1199951171875
2025-08-08,631.82080078125,96.7151107788086,313.04998779296875
2025-08-11,630.5712890625,96.78353881835938,308.54998779296875
2025-08-12,637.284423828125,96.78353881835938,308.2699890136719
2025-08-13,639.4659423828125,97.13543701171875,309.2099914550781
2025-08-14,639.5254516601562,96.86174011230469,307.25
2025-08-15,638.0281372070312,96.7151107788086,307.42999267578125
2025-08-18,637.8892822265625,96.60758209228516,306.95001220703125
2025-08-19,634.4286499023438,96.79329681396484,305.2699890136719
2025-08-20,632.7429809570312,96.85195922851562,308.3599853515625
2025-08-21,630.2044677734375,96.62713623046875,307.2900085449219
2025-08-22,639.88232421875,97.1647720336914,310.5799865722656
2025-08-25,637.0662231445312,97.01813507080078,309.8299865722656
2025-08-26,639.733642578125,97.13543701171875,312.0799865722656
2025-08-27,641.1912841796875,97.23319244384766,312.7099914550781
2025-08-28,643.4620361328125,97.35049438476562,315.0299987792969
2025-08-29,639.6245727539062,97.22341918945312,318.07000732421875
2025-09-02,634.884765625,96.96548461914062,325.5899963378906
2025-09-03,638.3255615234375,97.31855773925781,328.1400146484375
2025-09-04,643.6603393554688,97.7108383178711,326.69000244140625
2025-09-05,641.7960815429688,98.17178344726562,331.04998779296875
2025-09-08,643.372802734375,98.5052490234375,334.82000732421875
2025-09-09,644.8601684570312,98.30908203125,334.05999755859375
2025-09-10,646.724365234375,98.5052490234375,335.260009765625
2025-09-11,652.0987548828125,98.69158172607422,334.760009765625
2025-09-12,651.8805541992188,98.60330963134766,335.4200134277344
2025-09-15,655.3511352539062,98.77002716064453,338.9100036621094
2025-09-16,654.4488525390625,98.80926513671875,339.5899963378906
2025-09-17,653.6357421875,98.63272857666016,336.9700012207031
2025-09-18,656.6898193359375,98.3581314086914,335.6199951171875
2025-09-19,659.9423217773438,98.3581314086914,339.17999267578125
2025-09-22,663.0645751953125,98.24044799804688,345.04998779296875
2025-09-23,659.4551391601562,98.3973617553711,346.4599914550781
2025-09-24,657.3569946289062,98.21101379394531,343.32000732421875
2025-09-25,654.3242797851562,98.07371520996094,344.75
2025-09-26,658.072998046875,98.14236450195312,346.739990234375
2025-09-29,659.9224243164062,98.32870483398438,352.4599914550781
2025-09-30,662.4082641601562,98.31889343261719,355.4700012207031
2025-10-01,664.6654052734375,98.56979370117188,356.0299987792969
2025-10-02,665.4309692382812,98.67803192138672,354.7900085449219
2025-10-03,665.421142578125,98.56979370117188,357.6400146484375
2025-10-06,667.8074951171875,98.35333251953125,364.3800048828125
2025-10-07,665.3316040039062,98.5206069946289,366.260009765625
2025-10-08,669.2990112304688,98.53044128417969,372.29998779296875
2025-10-09,667.3600463867188,98.41236877441406,365.42999267578125
2025-10-10,649.32275390625,98.81578063964844,369.1199951171875
2025-10-13,659.2860107421875,99.00273132324219,378.0899963378906
2025-10-14,658.4805908203125,99.16015625,380.7900085449219
2025-10-15,661.4039306640625,99.12079620361328,387.3900146484375
2025-10-16,656.8995971679688,99.47501373291016,396.45001220703125
2025-10-17,660.62841796875,99.33726501464844,388.989990234375
2025-10-20,667.499267578125,99.50452423095703,403.1499938964844
2025-10-21,667.4893188476562,99.60292053222656,377.239990234375
2025-10-22,664.0191040039062,99.59307861328125,377.2799987792969
2025-10-23,667.9566650390625,99.41598510742188,378.7900085449219
2025-10-24,673.4155883789062,99.51436614990234,377.5199890136719
2025-10-27,681.3603515625,99.58324432373047,367.010009765625
2025-10-28,683.1700439453125,99.64228057861328,364.3800048828125
2025-10-29,683.4982299804688,99.16999053955078,363.0
2025-10-30,675.9810180664062,98.98304748535156,370.1300048828125
2025-10-31,678.1983032226562,98.92401123046875,368.1199951171875
2025-11-03,679.4711303710938,98.8025894165039,368.7799987792969
2025-11-04,671.4169921875,98.85195922851562,362.32000732421875
2025-11-05,673.7437133789062,98.5854263305664,366.510009765625
2025-11-06,666.514892578125,98.9506607055664,366.07000732421875
2025-11-07,667.1710815429688,98.91117095947266,368.30999755859375
2025-11-10,677.5818481445312,98.87169647216797,378.3800048828125
2025-11-11,679.1329956054688,99.16783142089844,379.8699951171875
2025-11-12,679.5109252929688,99.12834167480469,385.989990234375
2025-11-13,668.235107421875,98.83220672607422,382.8699951171875
2025-11-14,668.1256713867188,98.71375274658203,375.9599914550781
2025-11-17,661.901123046875,98.73348999023438,371.6499938964844
2025-11-18,656.3427734375,98.79273223876953,374.3500061035156
2025-11-19,658.8783569335938,98.79273223876953,374.9599914550781
2025-11-20,648.8355712890625,98.91117095947266,374.8500061035156
2025-11-21,655.2987670898438,99.14810180664062,374.2699890136719
2025-11-24,664.9437866210938,99.34552001953125,380.20001220703125
2025-11-25,671.1982421875,99.50347137451172,380.0799865722656
2025-11-26,675.8318481445312,99.6613998413086,383.1199951171875
2025-11-28,679.5208129882812,99.52320098876953,387.8800048828125
2025-12-01,676.41845703125,99.09339904785156,389.75
2025-12-02,677.67138671875,99.2221450805664,387.239990234375
2025-12-03,680.0180053710938,99.4103012084961,386.8800048828125
2025-12-04,680.51513671875,99.1726303100586,387.1300048828125
2025-12-05,681.8078002929688,99.06369018554688,386.44000244140625
2025-12-08,679.7594604492188,98.90523529052734,385.4200134277344
2025-12-09,679.1727905273438,98.81610870361328,387.3999938964844
2025-12-10,683.6771850585938,99.13301086425781,389.04998779296875
2025-12-11,685.26806640625,99.15281677246094,393.239990234375
2025-12-12,677.9000854492188,98.84580993652344,395.44000244140625
2025-12-15,676.8758544921875,98.94485473632812,395.79998779296875
2025-12-16,675.0264282226562,99.13301086425781,395.8900146484375
2025-12-17,667.5986938476562,99.10330200195312,399.2900085449219
2025-12-18,672.6399536132812,99.35089111328125,398.57000732421875
2025-12-19,678.7363891601562,99.20580291748047,399.0199890136719
2025-12-22,682.96484375,99.16606903076172,408.2300109863281
2025-12-23,686.0863037109375,99.16606903076172,413.6400146484375
2025-12-24,688.4996948242188,99.3846664428711,411.92999267578125
2025-12-26,688.4298706054688,99.40454864501953,416.739990234375
2025-12-29,685.9765625,99.52378845214844,398.6000061035156
2025-12-30,685.138916015625,99.48403930664062,398.8900146484375
2025-12-31,680.062744140625,99.24555969238281,396.30999755859375
2026-01-02,681.309326171875,99.21574401855469,398.2799987792969
2026-01-05,685.846923828125,99.40454864501953,408.760009765625
2026-01-06,689.92578125,99.3846664428711,413.17999267578125
2026-01-07,687.701904296875,99.48403930664062,409.2300109863281
2026-01-08,687.632080078125,99.30518341064453,411.489990234375
2026-01-09,692.1796264648438,99.52378845214844,414.4700012207031
2026-01-12,693.2666625976562,99.4740982055664,422.2300109863281
2026-01-13,691.8804931640625,99.56352233886719,421.6300048828125
2026-01-14,688.479736328125,99.71257019042969,425.94000244140625
2026-01-15,690.3546142578125,99.5833969116211,423.3299865722656
2026-01-16,689.7761840820312,99.41448211669922,421.2900085449219
2026-01-20,675.7345581054688,99.03689575195312,437.2300109863281
2026-01-21,683.5332641601562,99.36479949951172,443.6000061035156
2026-01-22,687.103515625,99.3846664428711,451.7900085449219
2026-01-23,687.352783203125,99.4740982055664,458.0
2026-01-26,690.84326171875,99.6231460571289,464.70001220703125
2026-01-27,693.5957641601562,99.55359649658203,476.1000061035156
2026-01-28,693.5259399414062,99.51384735107422,494.55999755859375
2026-01-29,692.1497192382812,99.51384735107422,495.8999938964844
2026-01-30,690.0853271484375,99.49396514892578,444.95001220703125
2026-02-02,693.5159912109375,99.37933349609375,427.1300048828125
2026-02-03,687.6520385742188,99.38929748535156,454.2900085449219
2026-02-04,684.3211059570312,99.32948303222656,453.9700012207031
2026-02-05,675.7744750976562,99.75814819335938,441.8800048828125
2026-02-06,688.739013671875,99.81795501708984,455.4599914550781
2026-02-09,692.0599975585938,99.84786987304688,467.0299987792969
2026-02-10,690.2349243164062,100.13695526123047,462.3999938964844
2026-02-11,690.075439453125,99.90767669677734,467.6300048828125
2026-02-12,679.41455078125,100.35626983642578,451.3900146484375
2026-02-13,679.8931884765625,100.67527770996094,462.6199951171875
2026-02-17,680.9901733398438,100.68524932861328,448.20001220703125
2026-02-18,684.4208374023438,100.54568481445312,458.2799987792969
2026-02-19,682.61572265625,100.56562042236328,459.55999755859375
2026-02-20,687.5523071289062,100.58556365966797,468.6199951171875
2026-02-23,680.531494140625,100.7849349975586,481.2799987792969
2026-02-24,685.4779052734375,100.77496337890625,474.6099853515625
2026-02-25,691.26220703125,100.7251205444336,473.4200134277344
2026-02-26,687.422607421875,100.8846206665039,477.4800109863281
2026-02-27,684.1216430664062,101.08399963378906,483.75
2026-03-02,684.5106201171875,100.68000030517578,490.0
2026-03-03,678.4771118164062,100.56999969482422,468.1400146484375
2026-03-04,683.2639770507812,100.52999877929688,471.79998779296875
2026-03-05,679.4544067382812,100.23999786376953,466.1300048828125
2026-03-06,670.5487060546875,100.12000274658203,473.510009765625
2026-03-09,676.4227294921875,100.44000244140625,472.5299987792969
2026-03-10,675.3356323242188,100.11000061035156,477.8599853515625
2026-03-11,674.4879760742188,99.66000366210938,476.239990234375
2026-03-12,664.2459106445312,99.29000091552734,466.8800048828125
2026-03-13,660.4862060546875,99.20999908447266,460.8399963378906
2026-03-16,667.2078857421875,99.5999984741211,460.42999267578125
2026-03-17,668.9630126953125,99.80000305175781,459.2699890136719
2026-03-18,659.6285400390625,99.37999725341797,444.739990234375
2026-03-19,658.0029907226562,99.48999786376953,426.4100036621094
2026-03-20,648.5700073242188,98.66000366210938,413.3800048828125
2026-03-23,655.3800048828125,99.02999877929688,404.0400085449219
2026-03-24,653.1799926757812,98.76000213623047,404.1300048828125
2026-03-25,656.8200073242188,99.11000061035156,416.2900085449219
2026-03-26,645.0900268554688,98.55000305175781,400.6400146484375
2026-03-27,634.0900268554688,98.54000091552734,414.70001220703125
2026-03-30,631.969970703125,99.04000091552734,414.5799865722656
